"","year","survey","Area_ID","Area","species_code","species","CPUE","RPN","RPW"
"1",1990,"United States",2,"Bering Sea",20510,"Sablefish",NA,110087.33,314702.11
"2",1990,"United States",1,"Aleutians",20510,"Sablefish",NA,77130.6,234613.3
"3",1990,"United States",3,"Central Gulf of Alaska",20510,"Sablefish",10.9371362484662,183032.773400126,634274.357093129
"4",1990,"United States",4,"East Yakutat/Southeast",20510,"Sablefish",11.3998622057044,133209.80936352,421368.249700096
"5",1990,"United States",6,"West Yakutat",20510,"Sablefish",12.87791930316,71807.2780344203,258461.00430653
"6",1990,"United States",7,"Western Gulf of Alaska",20510,"Sablefish",7.41340692252118,66535.3271296276,239245.350954853
"7",1991,"United States",2,"Bering Sea",20510,"Sablefish",NA,47904.65,150201.54
"8",1991,"United States",1,"Aleutians",20510,"Sablefish",NA,74442.5,256293.5
"9",1991,"United States",3,"Central Gulf of Alaska",20510,"Sablefish",10.3660588302755,173541.246313521,586256.392186137
"10",1991,"United States",4,"East Yakutat/Southeast",20510,"Sablefish",13.3402714838626,160657.084772659,591050.53715866
"11",1991,"United States",6,"West Yakutat",20510,"Sablefish",12.4539594670539,69443.2779882923,262996.698388704
"12",1991,"United States",7,"Western Gulf of Alaska",20510,"Sablefish",5.99877025379212,53838.9630277843,184597.431832706
"13",1992,"United States",2,"Bering Sea",20510,"Sablefish",NA,41671.39,124768.48
"14",1992,"United States",1,"Aleutians",20510,"Sablefish",NA,50952.22,177318.2
"15",1992,"United States",3,"Central Gulf of Alaska",10120,"Pacific halibut",0.38804210305137,6676.51137377789,0
"16",1992,"United States",3,"Central Gulf of Alaska",20510,"Sablefish",9.10133842353757,153085.116444966,524036.683090912
"17",1992,"United States",3,"Central Gulf of Alaska",21230,"Giant grenadier",5.87567283056725,93776.3324232464,364466.716683918
"18",1992,"United States",3,"Central Gulf of Alaska",21720,"Pacific cod",0.526806605985844,8935.25636143931,27362.295732271
"19",1992,"United States",3,"Central Gulf of Alaska",30020,"Shortspine thornyhead",1.53061983778185,24967.9824822474,20588.521043925
"20",1992,"United States",3,"Central Gulf of Alaska",30050,"Rougheye rockfish",0.284260479556486,4984.98747826639,6775.41618737534
"21",1992,"United States",3,"Central Gulf of Alaska",30576,"Shortraker rockfish",0.0959796725014042,1653.35313203255,3211.6699747054
"22",1992,"United States",4,"East Yakutat/Southeast",10120,"Pacific halibut",1.43550206148065,17576.0208548464,0
"23",1992,"United States",4,"East Yakutat/Southeast",20510,"Sablefish",11.7200445196295,142981.163155122,517446.979694243
"24",1992,"United States",4,"East Yakutat/Southeast",21230,"Giant grenadier",0.458145032822408,5982.13197714545,20054.7617635662
"25",1992,"United States",4,"East Yakutat/Southeast",21720,"Pacific cod",0.623875624374054,7915.29521838664,26096.7414226089
"26",1992,"United States",4,"East Yakutat/Southeast",30020,"Shortspine thornyhead",1.02824855802071,11717.5103682558,7730.82195015755
"27",1992,"United States",4,"East Yakutat/Southeast",30050,"Rougheye rockfish",0.353180436084848,5630.0661677503,10449.5074438581
"28",1992,"United States",4,"East Yakutat/Southeast",30576,"Shortraker rockfish",0.388060001971019,3244.05955343612,5551.03226679253
"29",1992,"United States",6,"West Yakutat",10120,"Pacific halibut",0.574743575881433,3204.77017911487,0
"30",1992,"United States",6,"West Yakutat",20510,"Sablefish",14.5210651570386,80969.459315647,296270.063069331
"31",1992,"United States",6,"West Yakutat",21230,"Giant grenadier",1.32033571762941,7362.19196150158,24275.9176752105
"32",1992,"United States",6,"West Yakutat",21720,"Pacific cod",0.895706741286799,4994.46078941519,15740.6854437615
"33",1992,"United States",6,"West Yakutat",30020,"Shortspine thornyhead",1.02939301676577,5739.89546148594,3777.43708824489
"34",1992,"United States",6,"West Yakutat",30050,"Rougheye rockfish",0.510509033344664,2846.59836992984,4175.8379680612
"35",1992,"United States",6,"West Yakutat",30576,"Shortraker rockfish",0.751889341321814,4192.53496721043,9791.36439550557
"36",1992,"United States",7,"Western Gulf of Alaska",10120,"Pacific halibut",0.414640769723068,3051.75606516178,0
"37",1992,"United States",7,"Western Gulf of Alaska",20510,"Sablefish",3.95327866913865,29096.1310048605,78293.4037607304
"38",1992,"United States",7,"Western Gulf of Alaska",21230,"Giant grenadier",8.42716295553853,62023.9193527636,242458.56768804
"39",1992,"United States",7,"Western Gulf of Alaska",21720,"Pacific cod",2.52104560892762,18554.8956817073,61009.5029529752
"40",1992,"United States",7,"Western Gulf of Alaska",30020,"Shortspine thornyhead",2.40460822604352,17697.9165436803,11380.5562376411
"41",1992,"United States",7,"Western Gulf of Alaska",30050,"Rougheye rockfish",0.881992592523433,6491.46548097246,8808.31538888671
"42",1992,"United States",7,"Western Gulf of Alaska",30576,"Shortraker rockfish",0.172548645433772,1269.95803039256,1685.58434523412
"43",1993,"United States",2,"Bering Sea",20510,"Sablefish",NA,17680.38,50209.35
"44",1993,"United States",1,"Aleutians",20510,"Sablefish",NA,78039.88,218893.6
"45",1993,"United States",3,"Central Gulf of Alaska",10120,"Pacific halibut",0.510092762558607,8721.15055384541,0
"46",1993,"United States",3,"Central Gulf of Alaska",20510,"Sablefish",10.1429604995252,170325.196779873,589522.466515331
"47",1993,"United States",3,"Central Gulf of Alaska",21230,"Giant grenadier",6.67605029036337,106736.837644151,508221.482478039
"48",1993,"United States",3,"Central Gulf of Alaska",21720,"Pacific cod",0.652580837788048,10814.774159699,31131.6981002349
"49",1993,"United States",3,"Central Gulf of Alaska",30020,"Shortspine thornyhead",1.30597875773995,21767.2903952359,15705.1576305196
"50",1993,"United States",3,"Central Gulf of Alaska",30050,"Rougheye rockfish",0.305376624703186,5279.44548681727,7133.59908732304
"51",1993,"United States",3,"Central Gulf of Alaska",30576,"Shortraker rockfish",0.0637364021363227,1115.94514267324,1953.12310671242
"52",1993,"United States",4,"East Yakutat/Southeast",10120,"Pacific halibut",1.7586967102548,18456.7659580258,0
"53",1993,"United States",4,"East Yakutat/Southeast",20510,"Sablefish",11.7356772082983,144611.718754908,491845.912416463
"54",1993,"United States",4,"East Yakutat/Southeast",21230,"Giant grenadier",0.626095725626597,6815.03289732905,25847.084926326
"55",1993,"United States",4,"East Yakutat/Southeast",21720,"Pacific cod",0.672038398184627,7312.53094943966,25873.2887957416
"56",1993,"United States",4,"East Yakutat/Southeast",30020,"Shortspine thornyhead",1.70670525271948,17191.8989585806,11742.3478799575
"57",1993,"United States",4,"East Yakutat/Southeast",30050,"Rougheye rockfish",0.648457456372628,9201.47269728978,16847.667084934
"58",1993,"United States",4,"East Yakutat/Southeast",30576,"Shortraker rockfish",0.327708979202773,3540.46556174985,6595.93187515106
"59",1993,"United States",6,"West Yakutat",10120,"Pacific halibut",0.952521092623048,5311.25761246612,0
"60",1993,"United States",6,"West Yakutat",20510,"Sablefish",12.6586883459408,70584.8462169661,265755.615428039
"61",1993,"United States",6,"West Yakutat",21230,"Giant grenadier",2.18957209951983,12209.0540269226,43987.4855424362
"62",1993,"United States",6,"West Yakutat",21720,"Pacific cod",0.934008811516039,5208.03313301344,12834.728657406
"63",1993,"United States",6,"West Yakutat",30020,"Shortspine thornyhead",1.20794384146549,6735.49486001156,4537.4010486306
"64",1993,"United States",6,"West Yakutat",30050,"Rougheye rockfish",0.50219208131483,2800.22304541149,3708.03807546187
"65",1993,"United States",6,"West Yakutat",30576,"Shortraker rockfish",0.585199624195523,3263.07310451423,7424.90026345238
"66",1993,"United States",7,"Western Gulf of Alaska",10120,"Pacific halibut",0.230887932427191,2072.21919353404,0
"67",1993,"United States",7,"Western Gulf of Alaska",20510,"Sablefish",7.63984709181029,68567.6276489973,225684.765602307
"68",1993,"United States",7,"Western Gulf of Alaska",21230,"Giant grenadier",11.5718512509635,103857.364977398,492172.800213756
"69",1993,"United States",7,"Western Gulf of Alaska",21720,"Pacific cod",1.75044841471065,15710.2745220281,43325.9190364129
"70",1993,"United States",7,"Western Gulf of Alaska",30020,"Shortspine thornyhead",1.23308031535251,11066.8958302888,8297.4971614458
"71",1993,"United States",7,"Western Gulf of Alaska",30050,"Rougheye rockfish",0.693502192341867,6224.18217626826,7712.2632700267
"72",1993,"United States",7,"Western Gulf of Alaska",30576,"Shortraker rockfish",0.162362830678775,1457.20640534201,2102.64548103704
"73",1994,"United States",2,"Bering Sea",20510,"Sablefish",NA,52769.63,176909.84
"74",1994,"United States",1,"Aleutians",20510,"Sablefish",NA,56138.87,214440.8
"75",1994,"United States",3,"Central Gulf of Alaska",10120,"Pacific halibut",0.579856404094901,9874.26189160344,0
"76",1994,"United States",3,"Central Gulf of Alaska",20510,"Sablefish",8.41711670104331,141456.93553253,554458.269546935
"77",1994,"United States",3,"Central Gulf of Alaska",21230,"Giant grenadier",7.09086322300378,114953.692106488,475291.789666993
"78",1994,"United States",3,"Central Gulf of Alaska",21720,"Pacific cod",0.526129209352745,8787.68268252225,26002.6959693474
"79",1994,"United States",3,"Central Gulf of Alaska",30020,"Shortspine thornyhead",1.00165088972915,16456.8038220625,15948.5047040106
"80",1994,"United States",3,"Central Gulf of Alaska",30050,"Rougheye rockfish",0.145479268606883,2513.07104992665,3546.97480034873
"81",1994,"United States",3,"Central Gulf of Alaska",30576,"Shortraker rockfish",0.0852141935786221,1441.07847908703,3345.78191645695
"82",1994,"United States",4,"East Yakutat/Southeast",10120,"Pacific halibut",1.91848513548215,20897.9336301074,0
"83",1994,"United States",4,"East Yakutat/Southeast",20510,"Sablefish",9.84707478700957,117287.548181488,495151.494473447
"84",1994,"United States",4,"East Yakutat/Southeast",21230,"Giant grenadier",0.376140920912364,5066.55700191376,27252.043367086
"85",1994,"United States",4,"East Yakutat/Southeast",21720,"Pacific cod",0.283599058153013,3020.08944750302,11239.2662025286
"86",1994,"United States",4,"East Yakutat/Southeast",30020,"Shortspine thornyhead",0.797620391448343,8451.12330333643,6967.46488972791
"87",1994,"United States",4,"East Yakutat/Southeast",30050,"Rougheye rockfish",0.924021819910073,13940.9665361305,27340.9334441464
"88",1994,"United States",4,"East Yakutat/Southeast",30576,"Shortraker rockfish",0.297406024164189,3450.18738454746,6515.70840513108
"89",1994,"United States",6,"West Yakutat",10120,"Pacific halibut",0.844135873407262,4706.90163011889,0
"90",1994,"United States",6,"West Yakutat",20510,"Sablefish",9.77798333054794,54522.0350511353,235840.462095606
"91",1994,"United States",6,"West Yakutat",21230,"Giant grenadier",1.48613127305057,8286.66797852999,32904.9905058931
"92",1994,"United States",6,"West Yakutat",21720,"Pacific cod",0.318868865163624,1778.01279215237,5418.52073019344
"93",1994,"United States",6,"West Yakutat",30020,"Shortspine thornyhead",1.07485546849489,5993.39409232752,4306.74603852973
"94",1994,"United States",6,"West Yakutat",30050,"Rougheye rockfish",0.343624408652015,1916.04970264363,2503.15629602489
"95",1994,"United States",6,"West Yakutat",30576,"Shortraker rockfish",0.416859853165475,2324.41054125069,5471.27829441718
"96",1994,"United States",7,"Western Gulf of Alaska",10120,"Pacific halibut",0.281457196765555,2526.07834097086,0
"97",1994,"United States",7,"Western Gulf of Alaska",20510,"Sablefish",6.13982384084656,55104.9189715979,169639.009526638
"98",1994,"United States",7,"Western Gulf of Alaska",21230,"Giant grenadier",11.8947352525978,106755.248892066,464298.846340874
"99",1994,"United States",7,"Western Gulf of Alaska",21720,"Pacific cod",1.58724059789364,14245.4843660954,38698.0868218593
"100",1994,"United States",7,"Western Gulf of Alaska",30020,"Shortspine thornyhead",1.17145003137216,10513.7640315651,8454.50163999558
"101",1994,"United States",7,"Western Gulf of Alaska",30050,"Rougheye rockfish",0.405793417526533,3641.99592230064,4900.14427503745
"102",1994,"United States",7,"Western Gulf of Alaska",30576,"Shortraker rockfish",0.266528536536698,2392.09361541686,3718.34379627597
"103",1995,"United States",2,"Bering Sea",20510,"Sablefish",NA,54024.17,169458.08
"104",1995,"United States",1,"Aleutians",20510,"Sablefish",NA,57473.51,205408.2
"105",1995,"United States",3,"Central Gulf of Alaska",10120,"Pacific halibut",0.599063212930502,10172.8610394304,0
"106",1995,"United States",3,"Central Gulf of Alaska",20510,"Sablefish",9.08177772900549,153683.786906392,557624.005581848
"107",1995,"United States",3,"Central Gulf of Alaska",21230,"Giant grenadier",9.54584683684998,154345.917571005,600566.266867701
"108",1995,"United States",3,"Central Gulf of Alaska",21720,"Pacific cod",0.597029634824794,9821.23133752145,31809.1811137092
"109",1995,"United States",3,"Central Gulf of Alaska",30020,"Shortspine thornyhead",0.975098615983559,16312.1441400398,12991.658485074
"110",1995,"United States",3,"Central Gulf of Alaska",30050,"Rougheye rockfish",0.331365804215673,5751.81435045896,8011.56841675102
"111",1995,"United States",3,"Central Gulf of Alaska",30576,"Shortraker rockfish",0.0925515169460495,1590.69347182504,2923.52370315993
"112",1995,"United States",4,"East Yakutat/Southeast",10120,"Pacific halibut",0.822442566948137,7846.27413667097,0
"113",1995,"United States",4,"East Yakutat/Southeast",20510,"Sablefish",9.43882573214368,114764.184875029,429169.148394157
"114",1995,"United States",4,"East Yakutat/Southeast",21230,"Giant grenadier",0.774367529869547,9843.05174875495,36191.6295810683
"115",1995,"United States",4,"East Yakutat/Southeast",21720,"Pacific cod",0.273281959088677,3346.40974503561,10830.8224543102
"116",1995,"United States",4,"East Yakutat/Southeast",30020,"Shortspine thornyhead",1.60378823109986,17296.0458149957,10318.1801452052
"117",1995,"United States",4,"East Yakutat/Southeast",30050,"Rougheye rockfish",0.44006366285309,7625.4840228227,13377.3653648121
"118",1995,"United States",4,"East Yakutat/Southeast",30576,"Shortraker rockfish",0.479254765294312,4788.54685662805,8132.80084755362
"119",1995,"United States",6,"West Yakutat",10120,"Pacific halibut",0.61473965943061,3427.78834098508,0
"120",1995,"United States",6,"West Yakutat",20510,"Sablefish",8.99332853838773,50146.79993005,209919.519020146
"121",1995,"United States",6,"West Yakutat",21230,"Giant grenadier",2.232307044767,12447.3440816208,50933.9399277282
"122",1995,"United States",6,"West Yakutat",21720,"Pacific cod",0.460964971603544,2570.34068166136,8467.6296824247
"123",1995,"United States",6,"West Yakutat",30020,"Shortspine thornyhead",1.32074742711916,7364.48765361646,4579.39103845364
"124",1995,"United States",6,"West Yakutat",30050,"Rougheye rockfish",0.362333747718706,2020.3729772795,2814.67304237915
"125",1995,"United States",6,"West Yakutat",30576,"Shortraker rockfish",0.625491981004239,3487.74328607964,8022.22685982834
"126",1995,"United States",7,"Western Gulf of Alaska",10120,"Pacific halibut",0.430465484846534,3863.42772649765,0
"127",1995,"United States",7,"Western Gulf of Alaska",20510,"Sablefish",6.51382438318541,58461.573839089,187575.372565793
"128",1995,"United States",7,"Western Gulf of Alaska",21230,"Giant grenadier",13.9812429075172,125481.655094967,557181.679411682
"129",1995,"United States",7,"Western Gulf of Alaska",21720,"Pacific cod",1.65777225872236,14878.5060220331,39440.9049925319
"130",1995,"United States",7,"Western Gulf of Alaska",30020,"Shortspine thornyhead",1.30318285632458,11696.0661355131,8507.73977213912
"131",1995,"United States",7,"Western Gulf of Alaska",30050,"Rougheye rockfish",0.974688885994423,8747.83275179995,14059.8649825913
"132",1995,"United States",7,"Western Gulf of Alaska",30576,"Shortraker rockfish",0.579842689582481,5204.08813900277,7162.52288425727
"133",1996,"United States",2,"Bering Sea",20510,"Sablefish",NA,56358.01,194181.16
"134",1996,"United States",2,"Bering Sea",10120,"Pacific halibut",NA,NA,NA
"135",1996,"United States",2,"Bering Sea",21230,"Giant grenadier",NA,NA,NA
"136",1996,"United States",2,"Bering Sea",21720,"Pacific cod",NA,NA,NA
"137",1996,"United States",2,"Bering Sea",30020,"Shortspine thornyhead",NA,NA,NA
"138",1996,"United States",2,"Bering Sea",30050,"Rougheye rockfish",NA,NA,NA
"139",1996,"United States",2,"Bering Sea",30576,"Shortraker rockfish",NA,NA,NA
"140",1996,"United States",1,"Aleutians",10120,"Pacific halibut",0.691776092006096,30132.71074937,3577.14967784907
"141",1996,"United States",1,"Aleutians",20510,"Sablefish",NA,57517,163925
"142",1996,"United States",1,"Aleutians",21230,"Giant grenadier",7.10451602339192,333995.997726514,1635383.07515534
"143",1996,"United States",1,"Aleutians",21720,"Pacific cod",1.69364797893259,85009.8539669089,216849.039558359
"144",1996,"United States",1,"Aleutians",30020,"Shortspine thornyhead",1.86517263713024,66452.2783986077,96976.9295468997
"145",1996,"United States",1,"Aleutians",30050,"Rougheye rockfish",0.999231710802919,43404.4672958271,54834.7555756105
"146",1996,"United States",1,"Aleutians",30576,"Shortraker rockfish",0.470932463791659,18361.4219384784,20451.6217902676
"147",1996,"United States",3,"Central Gulf of Alaska",10120,"Pacific halibut",0.510080094124995,8374.48522688564,0
"148",1996,"United States",3,"Central Gulf of Alaska",20510,"Sablefish",10.6751982148744,180251.3646209,733880.413579052
"149",1996,"United States",3,"Central Gulf of Alaska",21230,"Giant grenadier",9.8028682349798,159607.290446127,644274.425220844
"150",1996,"United States",3,"Central Gulf of Alaska",21720,"Pacific cod",0.413718240027065,6704.43529628388,24726.5166869323
"151",1996,"United States",3,"Central Gulf of Alaska",30020,"Shortspine thornyhead",1.19004098080506,19522.076371119,17214.5241685674
"152",1996,"United States",3,"Central Gulf of Alaska",30050,"Rougheye rockfish",0.319164753795596,5607.33092731284,7944.41364982452
"153",1996,"United States",3,"Central Gulf of Alaska",30576,"Shortraker rockfish",0.148310190549912,2577.3825355755,5035.81650521809
"154",1996,"United States",4,"East Yakutat/Southeast",10120,"Pacific halibut",0.454984226354912,4519.13631166061,0
"155",1996,"United States",4,"East Yakutat/Southeast",20510,"Sablefish",8.84645222657573,106530.446996262,429369.129714321
"156",1996,"United States",4,"East Yakutat/Southeast",21230,"Giant grenadier",0.6669487568911,8249.3299926488,32426.4146627595
"157",1996,"United States",4,"East Yakutat/Southeast",21720,"Pacific cod",0.197923721846872,2727.18795063968,10396.1378726955
"158",1996,"United States",4,"East Yakutat/Southeast",30020,"Shortspine thornyhead",1.8206461128782,19782.3329431006,13574.5919044266
"159",1996,"United States",4,"East Yakutat/Southeast",30050,"Rougheye rockfish",0.584879029932438,10989.64834068,19784.0250572089
"160",1996,"United States",4,"East Yakutat/Southeast",30576,"Shortraker rockfish",0.469147551762575,4895.89344352872,9246.61529673199
"161",1996,"United States",6,"West Yakutat",10120,"Pacific halibut",0.469278522490153,2616.69704140509,0
"162",1996,"United States",6,"West Yakutat",20510,"Sablefish",8.66446260170776,48313.0434671225,219430.458815775
"163",1996,"United States",6,"West Yakutat",21230,"Giant grenadier",1.67095496418332,9317.24488028617,32796.0172702786
"164",1996,"United States",6,"West Yakutat",21720,"Pacific cod",0.160566770040743,895.320309747181,3633.05523060987
"165",1996,"United States",6,"West Yakutat",30020,"Shortspine thornyhead",1.13594749346896,6334.0432235829,4062.98198203892
"166",1996,"United States",6,"West Yakutat",30050,"Rougheye rockfish",0.627169091813233,3497.09485595058,4700.32481318851
"167",1996,"United States",6,"West Yakutat",30576,"Shortraker rockfish",0.783211431967923,4367.18694465314,9837.76981589783
"168",1996,"United States",7,"Western Gulf of Alaska",10120,"Pacific halibut",0.904281172877695,8115.92352657731,0
"169",1996,"United States",7,"Western Gulf of Alaska",20510,"Sablefish",6.51298837823432,58454.070694653,199883.285966659
"170",1996,"United States",7,"Western Gulf of Alaska",21230,"Giant grenadier",10.1946083222257,91496.6096919756,381187.057548926
"171",1996,"United States",7,"Western Gulf of Alaska",21720,"Pacific cod",1.05980714964557,9511.76916806903,29164.8716535754
"172",1996,"United States",7,"Western Gulf of Alaska",30020,"Shortspine thornyhead",1.66529194357001,14945.9951935408,10562.7347682708
"173",1996,"United States",7,"Western Gulf of Alaska",30050,"Rougheye rockfish",0.586544768582283,5264.23929802599,6793.08089566825
"174",1996,"United States",7,"Western Gulf of Alaska",30576,"Shortraker rockfish",0.417281346408381,3745.10008401522,5428.26580791883
"175",1997,"United States",1,"Aleutians",20510,"Sablefish",NA,55385,297148
"176",1997,"United States",1,"Aleutians",10120,"Pacific halibut",1.32229767128004,55963.875186927,NA
"177",1997,"United States",1,"Aleutians",21230,"Giant grenadier",8.851736773226,391202.156757629,1845629.67474867
"178",1997,"United States",1,"Aleutians",21720,"Pacific cod",2.52581448625489,136080.271521431,344764.305565308
"179",1997,"United States",1,"Aleutians",30020,"Shortspine thornyhead",1.73668577854328,61806.0121223495,87890.6144063926
"180",1997,"United States",1,"Aleutians",30050,"Rougheye rockfish",1.23934058080602,57947.0153527854,80350.7243368625
"181",1997,"United States",1,"Aleutians",30576,"Shortraker rockfish",0.620378191857929,22012.7892585874,26874.5914882067
"182",1997,"United States",2,"Bering Sea",10120,"Pacific halibut",1.7823442440261,43999.1700555805,0
"183",1997,"United States",2,"Bering Sea",20510,"Sablefish",1.39090123378648,42959.5606141973,156848.110248464
"184",1997,"United States",2,"Bering Sea",21230,"Giant grenadier",6.02091401919702,155136.788842992,694479.075582889
"185",1997,"United States",2,"Bering Sea",21720,"Pacific cod",3.48120609640219,110058.140392879,426481.549291876
"186",1997,"United States",2,"Bering Sea",30020,"Shortspine thornyhead",0.392493202677716,8873.83975346261,12080.9097699033
"187",1997,"United States",2,"Bering Sea",30050,"Rougheye rockfish",0.127089060030746,2680.80397660118,4363.94407795378
"188",1997,"United States",2,"Bering Sea",30576,"Shortraker rockfish",0.235500283683145,6245.76470586799,12354.0807880772
"189",1997,"United States",3,"Central Gulf of Alaska",10120,"Pacific halibut",0.59296648013255,10027.6751276516,0
"190",1997,"United States",3,"Central Gulf of Alaska",20510,"Sablefish",9.77931404236288,164673.726467585,636699.24259278
"191",1997,"United States",3,"Central Gulf of Alaska",21230,"Giant grenadier",10.1758923197976,165692.051265191,632475.556873366
"192",1997,"United States",3,"Central Gulf of Alaska",21720,"Pacific cod",0.815655835819841,14103.7007950939,45170.9162449
"193",1997,"United States",3,"Central Gulf of Alaska",30020,"Shortspine thornyhead",1.21211627592141,20566.2886476771,15449.2381403076
"194",1997,"United States",3,"Central Gulf of Alaska",30050,"Rougheye rockfish",0.301063275551657,5241.51121479903,7180.70989603142
"195",1997,"United States",3,"Central Gulf of Alaska",30576,"Shortraker rockfish",0.156307579695477,2680.35349082061,4933.48770188417
"196",1997,"United States",4,"East Yakutat/Southeast",10120,"Pacific halibut",0.754141525354203,7730.40276575749,0
"197",1997,"United States",4,"East Yakutat/Southeast",20510,"Sablefish",8.6080573527945,104943.078355065,399411.51557926
"198",1997,"United States",4,"East Yakutat/Southeast",21230,"Giant grenadier",0.598631899153339,8200.35475042011,32688.0595644004
"199",1997,"United States",4,"East Yakutat/Southeast",21720,"Pacific cod",0.54284551820612,6619.928009538,23515.4446646018
"200",1997,"United States",4,"East Yakutat/Southeast",30020,"Shortspine thornyhead",1.91091279174302,20335.3035365395,14551.8119778883
"201",1997,"United States",4,"East Yakutat/Southeast",30050,"Rougheye rockfish",1.06678782745776,19151.920926644,36357.4910283378
"202",1997,"United States",4,"East Yakutat/Southeast",30576,"Shortraker rockfish",0.515604580595755,5387.46703860836,10799.1198750522
"203",1997,"United States",6,"West Yakutat",10120,"Pacific halibut",0.561284387325728,3129.72174372826,0
"204",1997,"United States",6,"West Yakutat",20510,"Sablefish",8.49926536697477,47391.9036862513,187328.602619593
"205",1997,"United States",6,"West Yakutat",21230,"Giant grenadier",3.60771305833024,20116.6080132494,74834.5117389265
"206",1997,"United States",6,"West Yakutat",21720,"Pacific cod",0.381082873299959,2124.91810152057,8112.34819396569
"207",1997,"United States",6,"West Yakutat",30020,"Shortspine thornyhead",1.49828983881072,8354.46414120859,5852.48606816107
"208",1997,"United States",6,"West Yakutat",30050,"Rougheye rockfish",0.540313199342483,3012.78639953368,4171.17321804908
"209",1997,"United States",6,"West Yakutat",30576,"Shortraker rockfish",1.42581576950186,7950.34873074236,18967.8721685442
"210",1997,"United States",7,"Western Gulf of Alaska",10120,"Pacific halibut",2.56177812318131,22991.9586555523,0
"211",1997,"United States",7,"Western Gulf of Alaska",20510,"Sablefish",6.94484492290375,62329.9831830612,172471.488230462
"212",1997,"United States",7,"Western Gulf of Alaska",21230,"Giant grenadier",13.4461054701036,120678.79659418,490905.278693496
"213",1997,"United States",7,"Western Gulf of Alaska",21720,"Pacific cod",0.992584623730281,8908.44699797927,31186.9759738521
"214",1997,"United States",7,"Western Gulf of Alaska",30020,"Shortspine thornyhead",0.790239225416357,7092.3970481118,5306.12496865404
"215",1997,"United States",7,"Western Gulf of Alaska",30050,"Rougheye rockfish",0.718476706234084,6448.32843845091,9763.36510046864
"216",1997,"United States",7,"Western Gulf of Alaska",30576,"Shortraker rockfish",0.297131086363078,2666.75150010863,4127.88307648186
"217",1998,"United States",2,"Bering Sea",20510,"Sablefish",1.25141594684426,37921.2389921301,137875.461832676
"218",1998,"United States",2,"Bering Sea",10120,"Pacific halibut",1.00426456982379,27047.9259393651,NA
"219",1998,"United States",2,"Bering Sea",21230,"Giant grenadier",5.52853611081993,134041.402846826,598549.921746886
"220",1998,"United States",2,"Bering Sea",21720,"Pacific cod",2.5697762480495,76690.904411726,278921.581892423
"221",1998,"United States",2,"Bering Sea",30020,"Shortspine thornyhead",0.356446138831529,8636.44908538023,12610.445471639
"222",1998,"United States",2,"Bering Sea",30050,"Rougheye rockfish",0.0927013747503767,1915.02191061923,2900.88527376242
"223",1998,"United States",2,"Bering Sea",30576,"Shortraker rockfish",0.266134397612224,7312.9444820437,12954.5563472435
"224",1998,"United States",1,"Aleutians",10120,"Pacific halibut",0.684529871207939,34297.9194781049,0
"225",1998,"United States",1,"Aleutians",20510,"Sablefish",1.972737432954,98842.2276127975,301003.874949765
"226",1998,"United States",1,"Aleutians",21230,"Giant grenadier",9.86813866200372,494443.813675605,2206872.87678267
"227",1998,"United States",1,"Aleutians",21720,"Pacific cod",1.61443435788801,80888.2444152762,284892.565755379
"228",1998,"United States",1,"Aleutians",30020,"Shortspine thornyhead",1.36054548922139,68171.7167483144,81435.2509649814
"229",1998,"United States",1,"Aleutians",30050,"Rougheye rockfish",0.920481333698188,46122.3407681021,60997.161103001
"230",1998,"United States",1,"Aleutians",30576,"Shortraker rockfish",0.397116779306239,19897.3573688653,22277.7042895856
"231",1998,"United States",3,"Central Gulf of Alaska",10120,"Pacific halibut",0.733080109353981,11898.5641873959,0
"232",1998,"United States",3,"Central Gulf of Alaska",20510,"Sablefish",7.63758036366866,128441.440055802,484677.898287203
"233",1998,"United States",3,"Central Gulf of Alaska",21230,"Giant grenadier",6.51679368490918,106763.79506491,420652.48947005
"234",1998,"United States",3,"Central Gulf of Alaska",21720,"Pacific cod",0.499883738780071,8560.34869595845,27440.3316665577
"235",1998,"United States",3,"Central Gulf of Alaska",30020,"Shortspine thornyhead",1.4314152035039,23806.5194549002,18035.8967763203
"236",1998,"United States",3,"Central Gulf of Alaska",30050,"Rougheye rockfish",0.328492796755711,5751.45408907456,8442.65721172372
"237",1998,"United States",3,"Central Gulf of Alaska",30576,"Shortraker rockfish",0.175622348887068,3020.28875436659,5813.69112343237
"238",1998,"United States",4,"East Yakutat/Southeast",10120,"Pacific halibut",0.353228078871527,4082.50444818894,0
"239",1998,"United States",4,"East Yakutat/Southeast",20510,"Sablefish",8.61296334131059,102936.626989393,386004.32078292
"240",1998,"United States",4,"East Yakutat/Southeast",21230,"Giant grenadier",0.833521816573273,11495.1003948787,54874.7076629267
"241",1998,"United States",4,"East Yakutat/Southeast",21720,"Pacific cod",0.424691286003904,5743.62707047317,17761.3493479488
"242",1998,"United States",4,"East Yakutat/Southeast",30020,"Shortspine thornyhead",1.24397068059151,14861.4354756205,13126.1991629275
"243",1998,"United States",4,"East Yakutat/Southeast",30050,"Rougheye rockfish",0.529299333764506,10416.9895810754,17900.3752758257
"244",1998,"United States",4,"East Yakutat/Southeast",30576,"Shortraker rockfish",0.736622490502023,7218.22106152523,13377.0412897274
"245",1998,"United States",6,"West Yakutat",10120,"Pacific halibut",0.547950783696649,3055.37356989252,0
"246",1998,"United States",6,"West Yakutat",20510,"Sablefish",7.0218683224055,39153.9377657331,160570.925925079
"247",1998,"United States",6,"West Yakutat",21230,"Giant grenadier",2.86189754475972,15957.9407095802,47439.4640887511
"248",1998,"United States",6,"West Yakutat",21720,"Pacific cod",0.581982847741353,3245.13635900578,10166.955301067
"249",1998,"United States",6,"West Yakutat",30020,"Shortspine thornyhead",1.15429649664338,6436.35726528346,4153.68044381143
"250",1998,"United States",6,"West Yakutat",30050,"Rougheye rockfish",0.435813721493489,2430.09731104769,3422.4498485747
"251",1998,"United States",6,"West Yakutat",30576,"Shortraker rockfish",1.31315198965307,7322.13549430551,15265.1117824947
"252",1998,"United States",7,"Western Gulf of Alaska",10120,"Pacific halibut",0.884465390854625,7938.07688292026,0
"253",1998,"United States",7,"Western Gulf of Alaska",20510,"Sablefish",7.16630975789115,64317.630077073,195805.648899631
"254",1998,"United States",7,"Western Gulf of Alaska",21230,"Giant grenadier",15.340385328798,137679.958325962,537910.71257352
"255",1998,"United States",7,"Western Gulf of Alaska",21720,"Pacific cod",0.51028985917351,4579.85148608225,15254.6723680332
"256",1998,"United States",7,"Western Gulf of Alaska",30020,"Shortspine thornyhead",1.08487152239971,9736.72191353736,7648.01297653604
"257",1998,"United States",7,"Western Gulf of Alaska",30050,"Rougheye rockfish",0.622320132588976,5585.32318998606,8438.907989302
"258",1998,"United States",7,"Western Gulf of Alaska",30576,"Shortraker rockfish",0.480987858326023,4316.86602847605,6259.78836955993
"259",1999,"United States",1,"Aleutians",20510,"Sablefish",2.10623501477465,106075.068546372,316203.392681565
"260",1999,"United States",1,"Aleutians",10120,"Pacific halibut",0.763300274090101,41468.0604314592,NA
"261",1999,"United States",1,"Aleutians",21230,"Giant grenadier",9.61899574028939,518728.147174745,2295144.63232032
"262",1999,"United States",1,"Aleutians",21720,"Pacific cod",1.52524107901482,79613.0593689608,253328.168610271
"263",1999,"United States",1,"Aleutians",30020,"Shortspine thornyhead",1.61179106828249,76733.4545038079,92014.6629722166
"264",1999,"United States",1,"Aleutians",30050,"Rougheye rockfish",1.11333503481851,51851.1297347106,65127.4613919089
"265",1999,"United States",1,"Aleutians",30576,"Shortraker rockfish",0.355127820642919,18823.8055254894,19732.7226799097
"266",1999,"United States",2,"Bering Sea",10120,"Pacific halibut",3.0067478883308,79963.4693783073,0
"267",1999,"United States",2,"Bering Sea",20510,"Sablefish",1.52426282895386,47269.930908875,124917.447687367
"268",1999,"United States",2,"Bering Sea",21230,"Giant grenadier",5.05522156158615,128205.591420723,553893.617812232
"269",1999,"United States",2,"Bering Sea",21720,"Pacific cod",2.32841597664256,66528.639965868,214942.877527061
"270",1999,"United States",2,"Bering Sea",30020,"Shortspine thornyhead",0.103937426948312,2501.02390264589,4191.71061730652
"271",1999,"United States",2,"Bering Sea",30050,"Rougheye rockfish",0.56576183666111,11760.8127998874,17231.0411966412
"272",1999,"United States",2,"Bering Sea",30576,"Shortraker rockfish",0.39479711317869,13471.9928489086,29201.8968442378
"273",1999,"United States",3,"Central Gulf of Alaska",10120,"Pacific halibut",0.9099404292445,15215.4993515478,0
"274",1999,"United States",3,"Central Gulf of Alaska",20510,"Sablefish",8.80495919188489,145859.798964438,565399.919818189
"275",1999,"United States",3,"Central Gulf of Alaska",21230,"Giant grenadier",8.83279865397726,145519.026199882,577177.233301751
"276",1999,"United States",3,"Central Gulf of Alaska",21720,"Pacific cod",0.465789498007954,8125.28067860475,22530.0142207655
"277",1999,"United States",3,"Central Gulf of Alaska",30020,"Shortspine thornyhead",1.5609744237184,25773.7569859058,23833.6201171272
"278",1999,"United States",3,"Central Gulf of Alaska",30050,"Rougheye rockfish",0.365367836365704,6338.3175873972,8623.01015489954
"279",1999,"United States",3,"Central Gulf of Alaska",30576,"Shortraker rockfish",0.194314698564756,3384.94110835537,5882.780937613
"280",1999,"United States",4,"East Yakutat/Southeast",10120,"Pacific halibut",0.493595633781499,5844.18227576236,0
"281",1999,"United States",4,"East Yakutat/Southeast",20510,"Sablefish",9.39472681047929,108590.931230953,381861.567546396
"282",1999,"United States",4,"East Yakutat/Southeast",21230,"Giant grenadier",1.07797475033752,16151.9028562566,54460.5488380067
"283",1999,"United States",4,"East Yakutat/Southeast",21720,"Pacific cod",0.507421382175635,6370.10308120406,19785.7725706148
"284",1999,"United States",4,"East Yakutat/Southeast",30020,"Shortspine thornyhead",1.61605511315307,18253.1647450479,12748.9793443348
"285",1999,"United States",4,"East Yakutat/Southeast",30050,"Rougheye rockfish",0.655697718645691,11417.5579767639,19695.0748071399
"286",1999,"United States",4,"East Yakutat/Southeast",30576,"Shortraker rockfish",0.748904357217389,7328.25713211756,12305.7765807378
"287",1999,"United States",6,"West Yakutat",10120,"Pacific halibut",0.31070896088661,1732.51316590374,0
"288",1999,"United States",6,"West Yakutat",20510,"Sablefish",6.89336596003652,38437.4085931636,161808.155738729
"289",1999,"United States",6,"West Yakutat",21230,"Giant grenadier",3.24077568470461,18070.5652179129,60473.201772665
"290",1999,"United States",6,"West Yakutat",21720,"Pacific cod",0.318292023424521,1774.79632261513,4532.47302915384
"291",1999,"United States",6,"West Yakutat",30020,"Shortspine thornyhead",1.77637019998552,9905.04023511924,5712.15478880796
"292",1999,"United States",6,"West Yakutat",30050,"Rougheye rockfish",0.647903839523159,3612.71180918114,4774.27704399276
"293",1999,"United States",6,"West Yakutat",30576,"Shortraker rockfish",0.962700050951561,5368.0154841059,11495.7981105883
"294",1999,"United States",7,"Western Gulf of Alaska",10120,"Pacific halibut",1.09431465672246,9821.47404408406,0
"295",1999,"United States",7,"Western Gulf of Alaska",20510,"Sablefish",7.40549577039678,66464.3245393111,179950.817892574
"296",1999,"United States",7,"Western Gulf of Alaska",21230,"Giant grenadier",11.7559175915237,105509.360383926,411199.96599873
"297",1999,"United States",7,"Western Gulf of Alaska",21720,"Pacific cod",0.613919262040775,5509.92537681596,15950.4074685864
"298",1999,"United States",7,"Western Gulf of Alaska",30020,"Shortspine thornyhead",0.868701874905054,7796.59932727286,6250.54463549696
"299",1999,"United States",7,"Western Gulf of Alaska",30050,"Rougheye rockfish",0.648369854711663,5819.11944603717,7698.96190032234
"300",1999,"United States",7,"Western Gulf of Alaska",30576,"Shortraker rockfish",0.514307249668278,4615.90756577279,6379.96570789024
"301",2000,"United States",2,"Bering Sea",20510,"Sablefish",1.36088424665175,41903.9578718902,115038.575835405
"302",2000,"United States",2,"Bering Sea",10120,"Pacific halibut",3.10708942903754,80609.317978174,NA
"303",2000,"United States",2,"Bering Sea",21230,"Giant grenadier",4.98462247252198,121353.188478017,557571.608026498
"304",2000,"United States",2,"Bering Sea",21720,"Pacific cod",0.89496804997893,21201.6895702703,77751.175429555
"305",2000,"United States",2,"Bering Sea",30020,"Shortspine thornyhead",0.0923001490255992,2238.88038281197,3476.57888391938
"306",2000,"United States",2,"Bering Sea",30050,"Rougheye rockfish",0.774829346661314,16368.0424348761,25249.7107785376
"307",2000,"United States",2,"Bering Sea",30576,"Shortraker rockfish",0.544407506984636,18405.2545349072,42118.5584758053
"308",2000,"United States",1,"Aleutians",10120,"Pacific halibut",0.674938866548537,33818.4522261815,0
"309",2000,"United States",1,"Aleutians",20510,"Sablefish",1.86353180188001,93372.7136716844,262504.225818636
"310",2000,"United States",1,"Aleutians",21230,"Giant grenadier",13.0538574667993,654045.380127165,2921242.71398151
"311",2000,"United States",1,"Aleutians",21720,"Pacific cod",1.92613954818735,96508.2807793159,283082.877822798
"312",2000,"United States",1,"Aleutians",30020,"Shortspine thornyhead",1.64848426413912,82594.7298233622,93711.6443075557
"313",2000,"United States",1,"Aleutians",30050,"Rougheye rockfish",1.27666403745618,63972.3608775163,77753.0802919991
"314",2000,"United States",1,"Aleutians",30576,"Shortraker rockfish",0.574567636487744,28789.8072803903,24870.3765550554
"315",2000,"United States",3,"Central Gulf of Alaska",10120,"Pacific halibut",0.934163953637957,15685.615781912,0
"316",2000,"United States",3,"Central Gulf of Alaska",20510,"Sablefish",7.07831597092896,117335.552855909,476380.969919152
"317",2000,"United States",3,"Central Gulf of Alaska",21230,"Giant grenadier",7.60090213651518,124290.729356596,517885.590410099
"318",2000,"United States",3,"Central Gulf of Alaska",21720,"Pacific cod",0.0590395453476115,1008.56355707497,3407.36679908383
"319",2000,"United States",3,"Central Gulf of Alaska",30020,"Shortspine thornyhead",1.3619825341485,22279.9306388964,16903.0557511513
"320",2000,"United States",3,"Central Gulf of Alaska",30050,"Rougheye rockfish",0.511219650801843,8917.24972687886,11862.7327108736
"321",2000,"United States",3,"Central Gulf of Alaska",30576,"Shortraker rockfish",0.212077600609255,3633.54063385725,6217.86841052068
"322",2000,"United States",4,"East Yakutat/Southeast",10120,"Pacific halibut",0.437476178591898,5177.94922552596,0
"323",2000,"United States",4,"East Yakutat/Southeast",20510,"Sablefish",7.70519762248813,92347.7108555775,342582.364957053
"324",2000,"United States",4,"East Yakutat/Southeast",21230,"Giant grenadier",0.849814131708557,12602.9254096713,51053.6587489044
"325",2000,"United States",4,"East Yakutat/Southeast",21720,"Pacific cod",0.213750575571247,2397.6457624397,8033.89426170759
"326",2000,"United States",4,"East Yakutat/Southeast",30020,"Shortspine thornyhead",1.5429930175508,17164.1866975586,12710.0157024068
"327",2000,"United States",4,"East Yakutat/Southeast",30050,"Rougheye rockfish",0.914896667387679,15413.8532629429,29343.3195925713
"328",2000,"United States",4,"East Yakutat/Southeast",30576,"Shortraker rockfish",0.651395778073779,7524.83626652779,13636.0154698616
"329",2000,"United States",6,"West Yakutat",10120,"Pacific halibut",0.507219834216733,2828.2577955925,0
"330",2000,"United States",6,"West Yakutat",20510,"Sablefish",5.54659402330404,30927.8082739434,132630.435466751
"331",2000,"United States",6,"West Yakutat",21230,"Giant grenadier",3.37347788416203,18810.5126820875,67311.3811973242
"332",2000,"United States",6,"West Yakutat",21720,"Pacific cod",0.173597534348759,967.97985152868,3183.99299942051
"333",2000,"United States",6,"West Yakutat",30020,"Shortspine thornyhead",1.32871434663646,7408.91119684488,4614.85954492732
"334",2000,"United States",6,"West Yakutat",30050,"Rougheye rockfish",0.640506790712928,3571.46586501528,5314.63314264973
"335",2000,"United States",6,"West Yakutat",30576,"Shortraker rockfish",1.49620284492332,8342.82706329241,18367.1658698224
"336",2000,"United States",7,"Western Gulf of Alaska",10120,"Pacific halibut",1.02342729494625,9185.25997214255,0
"337",2000,"United States",7,"Western Gulf of Alaska",20510,"Sablefish",8.68507323563737,77948.5322898454,235486.824089178
"338",2000,"United States",7,"Western Gulf of Alaska",21230,"Giant grenadier",12.735425369112,114300.44268778,474386.576342353
"339",2000,"United States",7,"Western Gulf of Alaska",21720,"Pacific cod",0.285995208054057,2566.80699228516,8090.87523569339
"340",2000,"United States",7,"Western Gulf of Alaska",30020,"Shortspine thornyhead",0.93654436843187,8405.48570667603,6035.23991865673
"341",2000,"United States",7,"Western Gulf of Alaska",30050,"Rougheye rockfish",1.10704881475116,9935.76311239168,13253.3653007555
"342",2000,"United States",7,"Western Gulf of Alaska",30576,"Shortraker rockfish",0.977707341381763,8774.92338890132,13795.3392952627
"343",2001,"United States",1,"Aleutians",20510,"Sablefish",1.99609769927817,101039.650520757,273556.365268879
"344",2001,"United States",1,"Aleutians",10120,"Pacific halibut",0.454632454195138,24425.5758108948,NA
"345",2001,"United States",1,"Aleutians",21230,"Giant grenadier",13.3174869228911,681877.104882554,2722335.24185389
"346",2001,"United States",1,"Aleutians",21720,"Pacific cod",1.40109881691146,73110.1904328395,214539.300376946
"347",2001,"United States",1,"Aleutians",30020,"Shortspine thornyhead",2.43992091107622,121904.741052049,142743.265417289
"348",2001,"United States",1,"Aleutians",30050,"Rougheye rockfish",0.945910223762462,45603.8640885898,55015.2471945267
"349",2001,"United States",1,"Aleutians",30576,"Shortraker rockfish",0.490782842357002,23439.1380015694,20948.1315944871
"350",2001,"United States",2,"Bering Sea",10120,"Pacific halibut",1.34166765441281,27956.9540615788,0
"351",2001,"United States",2,"Bering Sea",20510,"Sablefish",2.51911601646395,85031.3882796634,254746.408589389
"352",2001,"United States",2,"Bering Sea",21230,"Giant grenadier",2.60828380941105,68727.1011906236,365623.958072523
"353",2001,"United States",2,"Bering Sea",21720,"Pacific cod",3.19748759348655,92697.3233783608,340707.371589915
"354",2001,"United States",2,"Bering Sea",30020,"Shortspine thornyhead",0.338082774403412,6978.03336099678,9444.29111588374
"355",2001,"United States",2,"Bering Sea",30050,"Rougheye rockfish",0.668745260690274,13306.5787040494,17006.4508015369
"356",2001,"United States",2,"Bering Sea",30576,"Shortraker rockfish",0.373268025348364,9816.23331928519,21045.8788218548
"357",2001,"United States",3,"Central Gulf of Alaska",10120,"Pacific halibut",0.600276099634521,10018.8035466499,0
"358",2001,"United States",3,"Central Gulf of Alaska",20510,"Sablefish",7.90618812476849,130992.92492035,528462.25657869
"359",2001,"United States",3,"Central Gulf of Alaska",21230,"Giant grenadier",8.47580074940281,137567.024984354,516173.27138966
"360",2001,"United States",3,"Central Gulf of Alaska",21720,"Pacific cod",0.0358709462006053,576.682499884998,2044.97503423437
"361",2001,"United States",3,"Central Gulf of Alaska",30020,"Shortspine thornyhead",2.32618333355675,38245.3718794086,31010.5205472963
"362",2001,"United States",3,"Central Gulf of Alaska",30050,"Rougheye rockfish",0.465670543588696,7733.15265445426,11743.6070064122
"363",2001,"United States",3,"Central Gulf of Alaska",30576,"Shortraker rockfish",0.237077959138848,4127.49877286604,8022.5210864761
"364",2001,"United States",4,"East Yakutat/Southeast",10120,"Pacific halibut",0.607694848292936,7960.74185177841,0
"365",2001,"United States",4,"East Yakutat/Southeast",20510,"Sablefish",7.7510993116789,92012.4585902114,319010.137031764
"366",2001,"United States",4,"East Yakutat/Southeast",21230,"Giant grenadier",0.938055730298179,14571.7709487175,50013.255597547
"367",2001,"United States",4,"East Yakutat/Southeast",21720,"Pacific cod",0.232585677667075,2427.17065839956,7991.66744286759
"368",2001,"United States",4,"East Yakutat/Southeast",30020,"Shortspine thornyhead",1.8165654417095,19741.0314113637,15185.8414992737
"369",2001,"United States",4,"East Yakutat/Southeast",30050,"Rougheye rockfish",0.567732140418125,9016.34475190234,17374.6637411986
"370",2001,"United States",4,"East Yakutat/Southeast",30576,"Shortraker rockfish",0.567333762935702,5691.2980800632,9634.61620262851
"371",2001,"United States",6,"West Yakutat",10120,"Pacific halibut",0.27597705986088,1538.84808578427,0
"372",2001,"United States",6,"West Yakutat",20510,"Sablefish",4.91334009834531,27396.7843883734,112615.045167459
"373",2001,"United States",6,"West Yakutat",21230,"Giant grenadier",3.24489484044668,18093.5336303307,61712.3071309267
"374",2001,"United States",6,"West Yakutat",21720,"Pacific cod",0.034616937855042,193.024045479714,785.416091063921
"375",2001,"United States",6,"West Yakutat",30020,"Shortspine thornyhead",2.33242383387651,13005.5952976954,7884.74156411904
"376",2001,"United States",6,"West Yakutat",30050,"Rougheye rockfish",0.472258450947287,2633.31312248207,3075.77739994649
"377",2001,"United States",6,"West Yakutat",30576,"Shortraker rockfish",1.51911539394811,8470.58743665468,19457.0540381544
"378",2001,"United States",7,"Western Gulf of Alaska",10120,"Pacific halibut",0.471005315871567,4227.27270994731,0
"379",2001,"United States",7,"Western Gulf of Alaska",20510,"Sablefish",10.5086036782748,94314.7180125161,276972.466377413
"380",2001,"United States",7,"Western Gulf of Alaska",21230,"Giant grenadier",12.3968625197148,111261.841114441,407115.063987261
"381",2001,"United States",7,"Western Gulf of Alaska",21720,"Pacific cod",0.229671204507692,2061.29906045653,6393.7565454082
"382",2001,"United States",7,"Western Gulf of Alaska",30020,"Shortspine thornyhead",1.17728909587509,10566.1696354789,7248.48392599998
"383",2001,"United States",7,"Western Gulf of Alaska",30050,"Rougheye rockfish",0.845786568886207,7590.93445575371,10099.8926880514
"384",2001,"United States",7,"Western Gulf of Alaska",30576,"Shortraker rockfish",0.527191386106805,4731.54269030858,6698.8229382206
"385",2002,"United States",2,"Bering Sea",20510,"Sablefish",2.6343357815194,90021.3201689416,268299.569107862
"386",2002,"United States",2,"Bering Sea",10120,"Pacific halibut",1.76236700209819,33903.3123093828,NA
"387",2002,"United States",2,"Bering Sea",21230,"Giant grenadier",2.27097397434017,58973.8825022745,314023.017945923
"388",2002,"United States",2,"Bering Sea",21720,"Pacific cod",5.40940933579329,158351.162781968,572911.168177381
"389",2002,"United States",2,"Bering Sea",30020,"Shortspine thornyhead",0.286140439004845,6029.62698360569,8111.08514420412
"390",2002,"United States",2,"Bering Sea",30050,"Rougheye rockfish",0.648500893995286,12387.6010081611,15708.8677015352
"391",2002,"United States",2,"Bering Sea",30576,"Shortraker rockfish",0.228149835045437,6561.44660853405,13106.3244515188
"392",2002,"United States",1,"Aleutians",10120,"Pacific halibut",0.516679527949879,25887.4694473012,0
"393",2002,"United States",1,"Aleutians",20510,"Sablefish",1.66155876567382,83247.2087163559,277978.79036005
"394",2002,"United States",1,"Aleutians",21230,"Giant grenadier",14.2464256606207,713787.442504897,2953543.95387015
"395",2002,"United States",1,"Aleutians",21720,"Pacific cod",0.748031440794724,37479.1379273963,108195.608143929
"396",2002,"United States",1,"Aleutians",30020,"Shortspine thornyhead",1.59360469521276,79847.6770629574,93611.908328439
"397",2002,"United States",1,"Aleutians",30050,"Rougheye rockfish",0.791228010995605,39646.7522290618,49008.0220701967
"398",2002,"United States",1,"Aleutians",30576,"Shortraker rockfish",0.365426300623096,18309.8530666974,16565.6112857924
"399",2002,"United States",3,"Central Gulf of Alaska",10120,"Pacific halibut",0.730183700857903,12480.8212098502,0
"400",2002,"United States",3,"Central Gulf of Alaska",20510,"Sablefish",9.71967580728618,163631.790762631,600915.718761999
"401",2002,"United States",3,"Central Gulf of Alaska",21230,"Giant grenadier",6.00502356876311,98636.5766884077,375720.41469198
"402",2002,"United States",3,"Central Gulf of Alaska",21720,"Pacific cod",0.0770557063537807,1239.3548634975,4605.40179961008
"403",2002,"United States",3,"Central Gulf of Alaska",30020,"Shortspine thornyhead",1.90212634743642,31080.1603185614,23068.4862162844
"404",2002,"United States",3,"Central Gulf of Alaska",30050,"Rougheye rockfish",0.341099372118577,5888.13144407708,7723.85830404003
"405",2002,"United States",3,"Central Gulf of Alaska",30576,"Shortraker rockfish",0.1514840620763,2594.74188556975,4162.2422224723
"406",2002,"United States",4,"East Yakutat/Southeast",10120,"Pacific halibut",0.773344642044113,8300.08742655544,0
"407",2002,"United States",4,"East Yakutat/Southeast",20510,"Sablefish",7.08650871382193,85200.4180820747,308959.655739836
"408",2002,"United States",4,"East Yakutat/Southeast",21230,"Giant grenadier",1.14254734980805,15610.3874285558,57076.3898824536
"409",2002,"United States",4,"East Yakutat/Southeast",21720,"Pacific cod",0.248778596793602,2722.50404979821,8574.61285299865
"410",2002,"United States",4,"East Yakutat/Southeast",30020,"Shortspine thornyhead",1.25966724224059,14349.47132903,12171.3797407818
"411",2002,"United States",4,"East Yakutat/Southeast",30050,"Rougheye rockfish",0.523790175438415,8015.60614463841,15070.4970689073
"412",2002,"United States",4,"East Yakutat/Southeast",30576,"Shortraker rockfish",0.638911225781106,6300.30959463313,11458.7933286796
"413",2002,"United States",6,"West Yakutat",10120,"Pacific halibut",0.452445410297794,2522.8356078205,0
"414",2002,"United States",6,"West Yakutat",20510,"Sablefish",7.28001826135886,40593.381825337,147458.933985645
"415",2002,"United States",6,"West Yakutat",21230,"Giant grenadier",1.27792428999403,7125.70584100669,24636.5848756271
"416",2002,"United States",6,"West Yakutat",21720,"Pacific cod",0.0424119151797185,236.48883904211,1099.09281158871
"417",2002,"United States",6,"West Yakutat",30020,"Shortspine thornyhead",1.38512907249203,7723.47970821555,4638.59063248611
"418",2002,"United States",6,"West Yakutat",30050,"Rougheye rockfish",0.440082138614995,2453.89800491721,2928.13463955081
"419",2002,"United States",6,"West Yakutat",30576,"Shortraker rockfish",0.603609490194694,3365.72651732561,7093.85490245078
"420",2002,"United States",7,"Western Gulf of Alaska",10120,"Pacific halibut",0.611983532591868,5492.55220501202,0
"421",2002,"United States",7,"Western Gulf of Alaska",20510,"Sablefish",8.41453569547835,75520.4578669182,245540.347730976
"422",2002,"United States",7,"Western Gulf of Alaska",21230,"Giant grenadier",13.3898635097382,120174.024999901,431507.777349959
"423",2002,"United States",7,"Western Gulf of Alaska",21720,"Pacific cod",0.533034686691033,4783.98631305202,14669.8780004173
"424",2002,"United States",7,"Western Gulf of Alaska",30020,"Shortspine thornyhead",1.92983071754849,17320.2306899977,12793.5227326836
"425",2002,"United States",7,"Western Gulf of Alaska",30050,"Rougheye rockfish",0.975292605420302,8753.25113364721,13344.4457589029
"426",2002,"United States",7,"Western Gulf of Alaska",30576,"Shortraker rockfish",0.348418659944806,3127.05747300463,4569.67128995825
"427",2003,"United States",1,"Aleutians",20510,"Sablefish",1.65711408276444,82498.7977943066,259995.415271312
"428",2003,"United States",1,"Aleutians",10120,"Pacific halibut",0.661949564638345,28865.6664149738,NA
"429",2003,"United States",1,"Aleutians",21230,"Giant grenadier",16.8158253748155,868012.288686201,3410463.12524013
"430",2003,"United States",1,"Aleutians",21720,"Pacific cod",1.1365514169043,60988.202352805,145643.951147499
"431",2003,"United States",1,"Aleutians",30020,"Shortspine thornyhead",1.50081762343533,72023.4118853844,84020.6762100263
"432",2003,"United States",1,"Aleutians",30050,"Rougheye rockfish",0.649913570308747,35763.6615794012,47510.4416061651
"433",2003,"United States",1,"Aleutians",30576,"Shortraker rockfish",0.332173372790206,17412.990320091,17529.7117938476
"434",2003,"United States",2,"Bering Sea",10120,"Pacific halibut",0.861844950061005,22695.3429823608,0
"435",2003,"United States",2,"Bering Sea",20510,"Sablefish",2.20574009544054,69787.2748038474,219090.895035481
"436",2003,"United States",2,"Bering Sea",21230,"Giant grenadier",4.44751840054955,115194.468745104,542041.191644188
"437",2003,"United States",2,"Bering Sea",21720,"Pacific cod",3.78819756088353,123696.030273625,313057.060447636
"438",2003,"United States",2,"Bering Sea",30020,"Shortspine thornyhead",0.318915505896792,7498.21927778425,11049.917369805
"439",2003,"United States",2,"Bering Sea",30050,"Rougheye rockfish",1.22468363407667,24746.0254361314,33470.5634740036
"440",2003,"United States",2,"Bering Sea",30576,"Shortraker rockfish",0.931853352875872,28722.1443229402,74644.8059436626
"441",2003,"United States",3,"Central Gulf of Alaska",10120,"Pacific halibut",0.456987658258292,7819.92775306846,0
"442",2003,"United States",3,"Central Gulf of Alaska",20510,"Sablefish",9.4332161015094,157145.770502509,566058.066054232
"443",2003,"United States",3,"Central Gulf of Alaska",21230,"Giant grenadier",9.41771675447792,153394.317204027,527885.839658878
"444",2003,"United States",3,"Central Gulf of Alaska",21720,"Pacific cod",0.116047643971436,1875.59611923795,5468.67625023643
"445",2003,"United States",3,"Central Gulf of Alaska",30020,"Shortspine thornyhead",1.74704679611268,28586.6994855186,22730.0890473512
"446",2003,"United States",3,"Central Gulf of Alaska",30050,"Rougheye rockfish",0.21059193362993,3551.90161174879,4906.08845715632
"447",2003,"United States",3,"Central Gulf of Alaska",30576,"Shortraker rockfish",0.119071886155795,2025.83847939904,3808.27653258655
"448",2003,"United States",4,"East Yakutat/Southeast",10120,"Pacific halibut",1.08076232606093,11331.1959442069,0
"449",2003,"United States",4,"East Yakutat/Southeast",20510,"Sablefish",7.36070137237385,87950.0371547828,269684.159532499
"450",2003,"United States",4,"East Yakutat/Southeast",21230,"Giant grenadier",0.887182204818624,11133.4200945379,39956.891167787
"451",2003,"United States",4,"East Yakutat/Southeast",21720,"Pacific cod",0.5788940507338,6827.54921224396,17932.8230453287
"452",2003,"United States",4,"East Yakutat/Southeast",30020,"Shortspine thornyhead",1.1269242927205,12270.6780492279,10267.3625611814
"453",2003,"United States",4,"East Yakutat/Southeast",30050,"Rougheye rockfish",0.757582167563284,11882.1683636536,22130.546574507
"454",2003,"United States",4,"East Yakutat/Southeast",30576,"Shortraker rockfish",0.449619554754952,5695.43170619162,10458.0109218539
"455",2003,"United States",6,"West Yakutat",10120,"Pacific halibut",0.81439489907994,4541.06595726975,0
"456",2003,"United States",6,"West Yakutat",20510,"Sablefish",6.94884956384193,38746.7851679826,132816.093696114
"457",2003,"United States",6,"West Yakutat",21230,"Giant grenadier",2.76832308031649,15436.1694958447,49808.409207777
"458",2003,"United States",6,"West Yakutat",21720,"Pacific cod",0.0411337414677623,229.361742424242,534.243194964373
"459",2003,"United States",6,"West Yakutat",30020,"Shortspine thornyhead",1.83587795807912,10236.8554942492,6142.33967545808
"460",2003,"United States",6,"West Yakutat",30050,"Rougheye rockfish",0.265802931601306,1482.11714660888,1663.3505133868
"461",2003,"United States",6,"West Yakutat",30576,"Shortraker rockfish",0.64676981672632,3606.38849806596,9208.4028769902
"462",2003,"United States",7,"Western Gulf of Alaska",10120,"Pacific halibut",0.937821363346663,8416.9467360363,0
"463",2003,"United States",7,"Western Gulf of Alaska",20510,"Sablefish",8.67103170637533,77822.5095647186,250029.029957841
"464",2003,"United States",7,"Western Gulf of Alaska",21230,"Giant grenadier",12.6766236715088,113772.697451791,408811.007551625
"465",2003,"United States",7,"Western Gulf of Alaska",21720,"Pacific cod",0.633321669032705,5684.06197956853,15032.9799660169
"466",2003,"United States",7,"Western Gulf of Alaska",30020,"Shortspine thornyhead",1.38979764974018,12473.4339064181,8135.55433173721
"467",2003,"United States",7,"Western Gulf of Alaska",30050,"Rougheye rockfish",0.639028834542653,5735.28379002031,9173.14812356395
"468",2003,"United States",7,"Western Gulf of Alaska",30576,"Shortraker rockfish",0.368405774487431,3306.4418260247,5397.80314523744
"469",2004,"United States",2,"Bering Sea",20510,"Sablefish",2.24202305635619,72192.5830591702,213942.881530956
"470",2004,"United States",2,"Bering Sea",10120,"Pacific halibut",0.475114723594228,13863.6413336822,NA
"471",2004,"United States",2,"Bering Sea",21230,"Giant grenadier",3.65313662613404,88852.3493960502,423818.924934502
"472",2004,"United States",2,"Bering Sea",21720,"Pacific cod",2.63471872302957,96637.1509413744,252426.166750509
"473",2004,"United States",2,"Bering Sea",30020,"Shortspine thornyhead",0.24403607001592,5698.81612159118,7944.67962758059
"474",2004,"United States",2,"Bering Sea",30050,"Rougheye rockfish",1.50631654732561,28323.121116718,32828.7088582981
"475",2004,"United States",2,"Bering Sea",30576,"Shortraker rockfish",1.13153993673654,32875.5586321202,74873.4482629209
"476",2004,"United States",1,"Aleutians",10120,"Pacific halibut",0.223634759655307,11205.4206148116,0
"477",2004,"United States",1,"Aleutians",20510,"Sablefish",1.54276497993301,77299.6866869901,199236.669313694
"478",2004,"United States",1,"Aleutians",21230,"Giant grenadier",14.9832947474662,750689.752598786,2905347.39311723
"479",2004,"United States",1,"Aleutians",21720,"Pacific cod",0.733682024505447,36761.4394235316,107231.607583814
"480",2004,"United States",1,"Aleutians",30020,"Shortspine thornyhead",1.41134320004171,70716.8237360767,80758.9393253478
"481",2004,"United States",1,"Aleutians",30050,"Rougheye rockfish",1.00766082168182,50493.4709627783,60765.1256015117
"482",2004,"United States",1,"Aleutians",30576,"Shortraker rockfish",0.483884938451817,24246.5179755884,20920.0272966231
"483",2004,"United States",3,"Central Gulf of Alaska",10120,"Pacific halibut",0.510534931055765,8663.55767365962,0
"484",2004,"United States",3,"Central Gulf of Alaska",20510,"Sablefish",10.6919301327231,179913.966216295,590134.534931647
"485",2004,"United States",3,"Central Gulf of Alaska",21230,"Giant grenadier",5.59288789970806,90530.2280346187,351034.727213283
"486",2004,"United States",3,"Central Gulf of Alaska",21720,"Pacific cod",0.252526230976492,4207.88017514868,11805.0699098858
"487",2004,"United States",3,"Central Gulf of Alaska",30020,"Shortspine thornyhead",1.18101094199278,19660.8890509519,14944.3038305436
"488",2004,"United States",3,"Central Gulf of Alaska",30050,"Rougheye rockfish",0.24765232660207,4265.7864414207,5376.67427027082
"489",2004,"United States",3,"Central Gulf of Alaska",30576,"Shortraker rockfish",0.094613549652096,1636.3714624929,2716.36893155565
"490",2004,"United States",4,"East Yakutat/Southeast",10120,"Pacific halibut",0.802332621754188,7620.45647069386,0
"491",2004,"United States",4,"East Yakutat/Southeast",20510,"Sablefish",7.63677654716476,88432.3594946635,278393.228524107
"492",2004,"United States",4,"East Yakutat/Southeast",21230,"Giant grenadier",0.691980287109889,8778.45765694005,30160.5943215258
"493",2004,"United States",4,"East Yakutat/Southeast",21720,"Pacific cod",0.493504959287371,5715.71263870982,14928.9064154867
"494",2004,"United States",4,"East Yakutat/Southeast",30020,"Shortspine thornyhead",1.03663469077584,11150.3053485012,8109.95462811524
"495",2004,"United States",4,"East Yakutat/Southeast",30050,"Rougheye rockfish",0.596950340881162,10345.0084141507,18008.0202805635
"496",2004,"United States",4,"East Yakutat/Southeast",30576,"Shortraker rockfish",0.392990777391211,4915.70589304739,8977.65383691505
"497",2004,"United States",6,"West Yakutat",10120,"Pacific halibut",0.342652045671279,1910.62780666305,0
"498",2004,"United States",6,"West Yakutat",20510,"Sablefish",7.47720241302938,41692.8806550518,155856.704210615
"499",2004,"United States",6,"West Yakutat",21230,"Giant grenadier",1.81298857632439,10109.2243015848,31788.1945635612
"500",2004,"United States",6,"West Yakutat",21720,"Pacific cod",0.104981398047024,585.376275510204,1703.65318382342
"501",2004,"United States",6,"West Yakutat",30020,"Shortspine thornyhead",1.31969764877708,7358.63408958101,4099.03031544075
"502",2004,"United States",6,"West Yakutat",30050,"Rougheye rockfish",0.523878700824239,2921.14763579596,3229.68935716845
"503",2004,"United States",6,"West Yakutat",30576,"Shortraker rockfish",0.790502568991769,4407.84232469811,8622.17681270632
"504",2004,"United States",7,"Western Gulf of Alaska",10120,"Pacific halibut",0.158160929375129,1419.49434114178,0
"505",2004,"United States",7,"Western Gulf of Alaska",20510,"Sablefish",7.1410751318258,64091.1493081365,165569.541383167
"506",2004,"United States",7,"Western Gulf of Alaska",21230,"Giant grenadier",13.0527481389029,117148.414546653,389601.399185074
"507",2004,"United States",7,"Western Gulf of Alaska",21720,"Pacific cod",0.101412974073578,910.181442310363,2983.87946046303
"508",2004,"United States",7,"Western Gulf of Alaska",30020,"Shortspine thornyhead",1.13014318685568,10143.0351020297,6836.78215859666
"509",2004,"United States",7,"Western Gulf of Alaska",30050,"Rougheye rockfish",0.935248062465105,8393.85136062432,10532.4684216279
"510",2004,"United States",7,"Western Gulf of Alaska",30576,"Shortraker rockfish",0.645166541569837,5790.36971058929,8644.73238478475
"511",2005,"United States",1,"Aleutians",20510,"Sablefish",1.54021390933806,73726.4769977801,195640.994470035
"512",2005,"United States",1,"Aleutians",10120,"Pacific halibut",0.158279037029147,7825.73759034128,NA
"513",2005,"United States",1,"Aleutians",21230,"Giant grenadier",16.799831884985,873932.868626204,2924663.58151224
"514",2005,"United States",1,"Aleutians",21720,"Pacific cod",0.458789919966184,19623.0208169811,59478.7728871576
"515",2005,"United States",1,"Aleutians",30020,"Shortspine thornyhead",1.88856423955057,94409.5868034001,110207.11830058
"516",2005,"United States",1,"Aleutians",30050,"Rougheye rockfish",0.67240670771345,35764.586828561,45474.9978278994
"517",2005,"United States",1,"Aleutians",30576,"Shortraker rockfish",0.350995720222219,17033.6188247808,15833.246531793
"518",2005,"United States",2,"Bering Sea",10120,"Pacific halibut",0.69324001472294,14832.2179228887,0
"519",2005,"United States",2,"Bering Sea",20510,"Sablefish",3.37145044707975,102685.813466861,259578.611373621
"520",2005,"United States",2,"Bering Sea",21230,"Giant grenadier",6.21844520989654,161301.857534162,662221.959245277
"521",2005,"United States",2,"Bering Sea",21720,"Pacific cod",1.87081693701084,56480.8535451249,192659.258204004
"522",2005,"United States",2,"Bering Sea",30020,"Shortspine thornyhead",0.472170155700358,10768.2296857967,13503.3695119345
"523",2005,"United States",2,"Bering Sea",30050,"Rougheye rockfish",0.471600992289518,9681.75403521531,11067.5549887346
"524",2005,"United States",2,"Bering Sea",30576,"Shortraker rockfish",0.284011494362371,9107.68915916443,14453.0081882808
"525",2005,"United States",3,"Central Gulf of Alaska",10120,"Pacific halibut",0.345005768221397,5815.74136739715,0
"526",2005,"United States",3,"Central Gulf of Alaska",20510,"Sablefish",7.88966754382534,131116.492160625,444790.081264609
"527",2005,"United States",3,"Central Gulf of Alaska",21230,"Giant grenadier",7.75838525884212,127424.051629152,398433.106949715
"528",2005,"United States",3,"Central Gulf of Alaska",21720,"Pacific cod",0.0617375574090525,1041.62808040369,2807.47615825447
"529",2005,"United States",3,"Central Gulf of Alaska",30020,"Shortspine thornyhead",1.59921333280827,26564.5522473449,19580.4125763308
"530",2005,"United States",3,"Central Gulf of Alaska",30050,"Rougheye rockfish",0.302750207709277,5167.61066380827,6739.28170449698
"531",2005,"United States",3,"Central Gulf of Alaska",30576,"Shortraker rockfish",0.107495470404533,1899.15645955264,3213.9408416113
"532",2005,"United States",4,"East Yakutat/Southeast",10120,"Pacific halibut",0.478442276602777,4930.33025444651,0
"533",2005,"United States",4,"East Yakutat/Southeast",20510,"Sablefish",9.67578185524201,106584.937430971,352252.074726356
"534",2005,"United States",4,"East Yakutat/Southeast",21230,"Giant grenadier",0.71807387295627,9929.25235553437,31904.0095693376
"535",2005,"United States",4,"East Yakutat/Southeast",21720,"Pacific cod",0.341114057589118,3816.79929975852,10611.3480226176
"536",2005,"United States",4,"East Yakutat/Southeast",30020,"Shortspine thornyhead",1.35298845221547,15299.0341242229,10156.1622401198
"537",2005,"United States",4,"East Yakutat/Southeast",30050,"Rougheye rockfish",0.413510447391315,7475.28043732308,13520.941523339
"538",2005,"United States",4,"East Yakutat/Southeast",30576,"Shortraker rockfish",0.347601297212957,3925.41224309906,6688.67713482173
"539",2005,"United States",6,"West Yakutat",10120,"Pacific halibut",0.346587085601783,1932.56958931554,0
"540",2005,"United States",6,"West Yakutat",20510,"Sablefish",5.42092336793377,30227.0686995987,119110.283477097
"541",2005,"United States",6,"West Yakutat",21230,"Giant grenadier",3.04661293420581,16987.9137211316,49648.5422039725
"542",2005,"United States",6,"West Yakutat",21720,"Pacific cod",0.144941870563748,808.195870263457,2562.88498199151
"543",2005,"United States",6,"West Yakutat",30020,"Shortspine thornyhead",2.03689432979013,11357.7227829097,6816.0397946316
"544",2005,"United States",6,"West Yakutat",30050,"Rougheye rockfish",0.484891545381299,2703.75525704612,2893.4978408166
"545",2005,"United States",6,"West Yakutat",30576,"Shortraker rockfish",0.733622594744256,4090.67958829397,8890.2920050487
"546",2005,"United States",7,"Western Gulf of Alaska",10120,"Pacific halibut",0.113609719194397,1019.64722976972,0
"547",2005,"United States",7,"Western Gulf of Alaska",20510,"Sablefish",9.90613129793708,88907.5283989853,252326.166935017
"548",2005,"United States",7,"Western Gulf of Alaska",21230,"Giant grenadier",12.1917792139646,109421.218445332,327935.238571841
"549",2005,"United States",7,"Western Gulf of Alaska",21720,"Pacific cod",0.0477822992403063,428.846135681749,1447.04004540843
"550",2005,"United States",7,"Western Gulf of Alaska",30020,"Shortspine thornyhead",1.25661933735151,11278.1585527298,9831.69652051548
"551",2005,"United States",7,"Western Gulf of Alaska",30050,"Rougheye rockfish",0.336114197771999,3016.62492500369,4645.99155073887
"552",2005,"United States",7,"Western Gulf of Alaska",30576,"Shortraker rockfish",0.20636589814718,1852.13393587094,3126.06598857241
"553",2006,"United States",2,"Bering Sea",20510,"Sablefish",3.38477516307664,105532.517508072,283679.764809334
"554",2006,"United States",2,"Bering Sea",10120,"Pacific halibut",1.16310878547114,23775.3138479727,NA
"555",2006,"United States",2,"Bering Sea",21230,"Giant grenadier",6.3412696799144,156896.354506303,687038.782621111
"556",2006,"United States",2,"Bering Sea",21720,"Pacific cod",2.01460613949932,62360.8473713989,227073.8514254
"557",2006,"United States",2,"Bering Sea",30020,"Shortspine thornyhead",0.464922611003401,10735.0059907317,13334.7982272885
"558",2006,"United States",2,"Bering Sea",30050,"Rougheye rockfish",0.527598670712731,10333.186455013,12271.1194356012
"559",2006,"United States",2,"Bering Sea",30576,"Shortraker rockfish",0.353080922491081,11912.408992332,17431.3026096061
"560",2006,"United States",1,"Aleutians",10120,"Pacific halibut",0.579816638639893,29050.2328016068,0
"561",2006,"United States",1,"Aleutians",20510,"Sablefish",1.84433537385632,92410.5420679681,258467.786620857
"562",2006,"United States",1,"Aleutians",21230,"Giant grenadier",18.2338563084871,913529.618925164,3550194.43294177
"563",2006,"United States",1,"Aleutians",21720,"Pacific cod",1.20688470016099,60469.6666000372,189882.944917983
"564",2006,"United States",1,"Aleutians",30020,"Shortspine thornyhead",1.11733845589699,55986.2593652204,62521.2502099389
"565",2006,"United States",1,"Aleutians",30050,"Rougheye rockfish",1.34391054660021,67343.7698328378,83333.1723292913
"566",2006,"United States",1,"Aleutians",30576,"Shortraker rockfish",0.707448794585223,35447.7100024027,34921.1370384456
"567",2006,"United States",3,"Central Gulf of Alaska",10120,"Pacific halibut",0.336230755234017,5709.94710939264,0
"568",2006,"United States",3,"Central Gulf of Alaska",20510,"Sablefish",9.56710538613359,159120.169841726,564073.416766915
"569",2006,"United States",3,"Central Gulf of Alaska",21230,"Giant grenadier",5.83655334848113,94989.9114983939,332103.595260991
"570",2006,"United States",3,"Central Gulf of Alaska",21720,"Pacific cod",0.0889732131352492,1500.01308224834,5324.99140539313
"571",2006,"United States",3,"Central Gulf of Alaska",30020,"Shortspine thornyhead",1.54116001235522,25523.9207467601,19549.7234475631
"572",2006,"United States",3,"Central Gulf of Alaska",30050,"Rougheye rockfish",0.340652033151736,5720.50688379428,8832.5529842369
"573",2006,"United States",3,"Central Gulf of Alaska",30576,"Shortraker rockfish",0.20117453874099,3495.9044403647,6232.55019169745
"574",2006,"United States",4,"East Yakutat/Southeast",10120,"Pacific halibut",0.929242835543782,9807.70376045351,0
"575",2006,"United States",4,"East Yakutat/Southeast",20510,"Sablefish",7.72137989928731,91525.3601784964,327882.98558273
"576",2006,"United States",4,"East Yakutat/Southeast",21230,"Giant grenadier",0.782259470683283,11342.8534088942,42569.5074396633
"577",2006,"United States",4,"East Yakutat/Southeast",21720,"Pacific cod",0.215822685742494,2488.26780492494,5854.56915120563
"578",2006,"United States",4,"East Yakutat/Southeast",30020,"Shortspine thornyhead",1.46244221384576,16747.0099121659,12054.8604634468
"579",2006,"United States",4,"East Yakutat/Southeast",30050,"Rougheye rockfish",0.485467404024727,7102.77575697085,12971.371311261
"580",2006,"United States",4,"East Yakutat/Southeast",30576,"Shortraker rockfish",0.451043113017337,4478.05803954871,6974.64202483915
"581",2006,"United States",6,"West Yakutat",10120,"Pacific halibut",0.450615274203037,2512.63076895614,0
"582",2006,"United States",6,"West Yakutat",20510,"Sablefish",7.39333126103966,41225.2151115571,172325.458910122
"583",2006,"United States",6,"West Yakutat",21230,"Giant grenadier",2.18156845916813,12164.4257283215,41505.7619278473
"584",2006,"United States",6,"West Yakutat",21720,"Pacific cod",0.0820301075721762,457.399879822455,1582.17936381226
"585",2006,"United States",6,"West Yakutat",30020,"Shortspine thornyhead",1.82642398882754,10184.1401617024,6784.46618636345
"586",2006,"United States",6,"West Yakutat",30050,"Rougheye rockfish",0.366353683256695,2042.78813783933,2614.26184255347
"587",2006,"United States",6,"West Yakutat",30576,"Shortraker rockfish",0.67520672235801,3764.95268386827,7747.98637202989
"588",2006,"United States",7,"Western Gulf of Alaska",10120,"Pacific halibut",0.4375932224776,3927.39917173646,0
"589",2006,"United States",7,"Western Gulf of Alaska",20510,"Sablefish",8.34068595148779,74857.6564146029,212686.739870705
"590",2006,"United States",7,"Western Gulf of Alaska",21230,"Giant grenadier",15.3828771261984,138061.32220763,422018.93594614
"591",2006,"United States",7,"Western Gulf of Alaska",21720,"Pacific cod",0.254525164187218,2284.36334858028,7780.2949921238
"592",2006,"United States",7,"Western Gulf of Alaska",30020,"Shortspine thornyhead",1.31982103929005,11845.3938276282,7416.21571461234
"593",2006,"United States",7,"Western Gulf of Alaska",30050,"Rougheye rockfish",0.527327561733742,4732.76486656034,6404.66445317437
"594",2006,"United States",7,"Western Gulf of Alaska",30576,"Shortraker rockfish",0.406934975810958,3652.24140790335,5480.58468295114
"595",2007,"United States",1,"Aleutians",20510,"Sablefish",1.61100734228598,80265.7034242156,218288.725649673
"596",2007,"United States",1,"Aleutians",10120,"Pacific halibut",0.687137843270692,35400.8600337741,NA
"597",2007,"United States",1,"Aleutians",21230,"Giant grenadier",24.6575537875551,1276486.19513758,5043322.82263599
"598",2007,"United States",1,"Aleutians",21720,"Pacific cod",1.20430452390747,61181.6374064822,204517.020610837
"599",2007,"United States",1,"Aleutians",30020,"Shortspine thornyhead",1.18902201011673,60223.327366759,63044.2834652048
"600",2007,"United States",1,"Aleutians",30050,"Rougheye rockfish",2.17809956544733,104705.94405475,124337.691982149
"601",2007,"United States",1,"Aleutians",30576,"Shortraker rockfish",1.02234789280602,48652.3184837307,50602.2524298902
"602",2007,"United States",2,"Bering Sea",10120,"Pacific halibut",1.29952161241801,33786.4742416675,0
"603",2007,"United States",2,"Bering Sea",20510,"Sablefish",3.46382082485281,98150.8894950948,286012.218025032
"604",2007,"United States",2,"Bering Sea",21230,"Giant grenadier",3.61068168925083,111226.175926064,482204.977035066
"605",2007,"United States",2,"Bering Sea",21720,"Pacific cod",2.86363550799924,61359.0530286884,229279.004617432
"606",2007,"United States",2,"Bering Sea",30020,"Shortspine thornyhead",0.522512965175887,10945.719987548,12941.7661938768
"607",2007,"United States",2,"Bering Sea",30050,"Rougheye rockfish",0.462429903971223,8093.96666954408,10179.2229516627
"608",2007,"United States",2,"Bering Sea",30576,"Shortraker rockfish",0.346571361452069,10704.226797113,20014.4371826581
"609",2007,"United States",3,"Central Gulf of Alaska",10120,"Pacific halibut",0.44254128038227,7408.74611572162,0
"610",2007,"United States",3,"Central Gulf of Alaska",20510,"Sablefish",7.91286126114696,131208.072416758,453586.048956395
"611",2007,"United States",3,"Central Gulf of Alaska",21230,"Giant grenadier",10.317305934385,169858.014128696,571900.711473285
"612",2007,"United States",3,"Central Gulf of Alaska",21720,"Pacific cod",0.104453572395969,1777.39079682452,6565.04288896806
"613",2007,"United States",3,"Central Gulf of Alaska",30020,"Shortspine thornyhead",1.62073721532756,26534.4944600155,18925.1838055262
"614",2007,"United States",3,"Central Gulf of Alaska",30050,"Rougheye rockfish",0.447265714577516,7643.79690884838,10503.2789749462
"615",2007,"United States",3,"Central Gulf of Alaska",30576,"Shortraker rockfish",0.251364213922912,4427.95799866108,8224.47853847042
"616",2007,"United States",4,"East Yakutat/Southeast",10120,"Pacific halibut",1.16899986993423,12749.2694663293,0
"617",2007,"United States",4,"East Yakutat/Southeast",20510,"Sablefish",8.34361527207,97456.3032497119,340350.25952226
"618",2007,"United States",4,"East Yakutat/Southeast",21230,"Giant grenadier",1.37277425633096,16889.7584082258,57083.5621747199
"619",2007,"United States",4,"East Yakutat/Southeast",21720,"Pacific cod",0.341764035780626,3539.96014999383,10432.292953922
"620",2007,"United States",4,"East Yakutat/Southeast",30020,"Shortspine thornyhead",1.58803064221857,18880.2142375149,13692.9999554208
"621",2007,"United States",4,"East Yakutat/Southeast",30050,"Rougheye rockfish",0.725171458727923,10351.5883956363,18463.0594153645
"622",2007,"United States",4,"East Yakutat/Southeast",30576,"Shortraker rockfish",0.628385454602224,6360.26751657062,11488.1130655522
"623",2007,"United States",6,"West Yakutat",10120,"Pacific halibut",0.542416034701322,3024.51180949457,0
"624",2007,"United States",6,"West Yakutat",20510,"Sablefish",6.799835427281,37915.8823425189,156369.571924413
"625",2007,"United States",6,"West Yakutat",21230,"Giant grenadier",4.95600647366177,27634.692097138,92363.2552455702
"626",2007,"United States",6,"West Yakutat",21720,"Pacific cod",0.0726934372196127,405.338605936561,1440.65756982926
"627",2007,"United States",6,"West Yakutat",30020,"Shortspine thornyhead",1.81971249178821,10146.716854211,6056.41742028751
"628",2007,"United States",6,"West Yakutat",30050,"Rougheye rockfish",0.59330827139161,3308.28692127961,4849.36558524733
"629",2007,"United States",6,"West Yakutat",30576,"Shortraker rockfish",1.25404826481603,6992.57312461417,13965.3248793469
"630",2007,"United States",7,"Western Gulf of Alaska",10120,"Pacific halibut",0.398360851488237,3575.28864210693,0
"631",2007,"United States",7,"Western Gulf of Alaska",20510,"Sablefish",5.78849291553568,51951.7239169327,128156.748459491
"632",2007,"United States",7,"Western Gulf of Alaska",21230,"Giant grenadier",16.0568141800538,144109.907265983,469376.578579756
"633",2007,"United States",7,"Western Gulf of Alaska",21720,"Pacific cod",0.121068992554909,1086.59420818031,3687.19418330234
"634",2007,"United States",7,"Western Gulf of Alaska",30020,"Shortspine thornyhead",1.51591423911687,13605.3302960739,7513.85718057252
"635",2007,"United States",7,"Western Gulf of Alaska",30050,"Rougheye rockfish",1.02156590423166,9168.55399047912,12173.6901120658
"636",2007,"United States",7,"Western Gulf of Alaska",30576,"Shortraker rockfish",0.372558202025731,3343.70986318094,4628.65883717154
"637",2008,"United States",2,"Bering Sea",20510,"Sablefish",3.16114264761282,89954.8215992317,266420.518423673
"638",2008,"United States",2,"Bering Sea",10120,"Pacific halibut",0.86559876461959,22569.7203071997,NA
"639",2008,"United States",2,"Bering Sea",21230,"Giant grenadier",2.92867621404769,89193.313729275,366014.299693209
"640",2008,"United States",2,"Bering Sea",21720,"Pacific cod",1.3954955712084,30227.8693511985,101126.635750493
"641",2008,"United States",2,"Bering Sea",30020,"Shortspine thornyhead",0.663578691402876,13919.4767229459,16861.4464178349
"642",2008,"United States",2,"Bering Sea",30050,"Rougheye rockfish",0.5111318881395,7949.63928079822,9975.4141740404
"643",2008,"United States",2,"Bering Sea",30576,"Shortraker rockfish",0.338875053869715,10140.7338433674,17910.0499385854
"644",2008,"United States",1,"Aleutians",10120,"Pacific halibut",0.286746803384308,14367.3895536016,0
"645",2008,"United States",1,"Aleutians",20510,"Sablefish",1.32152141143886,66213.3181921436,208587.448956239
"646",2008,"United States",1,"Aleutians",21230,"Giant grenadier",11.6500568565602,583698.754662319,1899595.24570605
"647",2008,"United States",1,"Aleutians",21720,"Pacific cod",0.812310871846572,40700.8209457041,128792.359798207
"648",2008,"United States",1,"Aleutians",30020,"Shortspine thornyhead",2.01266933997703,100844.260670361,82468.1964892803
"649",2008,"United States",1,"Aleutians",30050,"Rougheye rockfish",0.730243985855796,36593.112390784,44699.1756098881
"650",2008,"United States",1,"Aleutians",30576,"Shortraker rockfish",0.36807464713778,18444.1131245199,16188.4226511248
"651",2008,"United States",3,"Central Gulf of Alaska",10120,"Pacific halibut",0.35587460254458,6176.89787832811,0
"652",2008,"United States",3,"Central Gulf of Alaska",20510,"Sablefish",7.94532325357758,131543.610793028,463927.422822645
"653",2008,"United States",3,"Central Gulf of Alaska",21230,"Giant grenadier",7.96023511013908,129871.573817411,404035.700824548
"654",2008,"United States",3,"Central Gulf of Alaska",21720,"Pacific cod",0.056605908283966,962.115613159582,3121.88753366688
"655",2008,"United States",3,"Central Gulf of Alaska",30020,"Shortspine thornyhead",2.22373066065311,36624.9414460808,27030.8460635405
"656",2008,"United States",3,"Central Gulf of Alaska",30050,"Rougheye rockfish",0.432963930494643,7284.72502950306,10161.7279075003
"657",2008,"United States",3,"Central Gulf of Alaska",30576,"Shortraker rockfish",0.232596467889899,4076.11178155076,6590.09905109556
"658",2008,"United States",4,"East Yakutat/Southeast",10120,"Pacific halibut",0.570102094268964,5879.37661710982,0
"659",2008,"United States",4,"East Yakutat/Southeast",20510,"Sablefish",6.33853365046808,71664.6436978951,256319.508987225
"660",2008,"United States",4,"East Yakutat/Southeast",21230,"Giant grenadier",0.866271652228115,12129.6395048429,41563.496284175
"661",2008,"United States",4,"East Yakutat/Southeast",21720,"Pacific cod",0.0940087325319058,1185.84636674718,2709.42326582555
"662",2008,"United States",4,"East Yakutat/Southeast",30020,"Shortspine thornyhead",2.03573139597716,23496.94935807,16123.4958880276
"663",2008,"United States",4,"East Yakutat/Southeast",30050,"Rougheye rockfish",0.870865983863643,10832.5626149305,19576.0596993987
"664",2008,"United States",4,"East Yakutat/Southeast",30576,"Shortraker rockfish",0.493087190102682,5156.8727267159,8350.40527061221
"665",2008,"United States",6,"West Yakutat",10120,"Pacific halibut",0.332244224795688,1852.59379746076,0
"666",2008,"United States",6,"West Yakutat",20510,"Sablefish",5.6892883003687,31723.4715628558,124978.09366055
"667",2008,"United States",6,"West Yakutat",21230,"Giant grenadier",3.93467004373269,21939.7201638535,64099.8613087746
"668",2008,"United States",6,"West Yakutat",21720,"Pacific cod",0.0708244236769491,394.916986422668,1574.24131743065
"669",2008,"United States",6,"West Yakutat",30020,"Shortspine thornyhead",2.5090614096291,13990.5264200918,8585.11177026061
"670",2008,"United States",6,"West Yakutat",30050,"Rougheye rockfish",1.21721345007672,6787.18219762781,8397.95595849518
"671",2008,"United States",6,"West Yakutat",30576,"Shortraker rockfish",1.38349918015227,7714.39142852906,14910.1598245736
"672",2008,"United States",7,"Western Gulf of Alaska",10120,"Pacific halibut",0.441853412056629,3965.63437320825,0
"673",2008,"United States",7,"Western Gulf of Alaska",20510,"Sablefish",6.35112139779216,57001.3145451846,159363.431156189
"674",2008,"United States",7,"Western Gulf of Alaska",21230,"Giant grenadier",13.7646197266095,123537.46204632,394111.708954526
"675",2008,"United States",7,"Western Gulf of Alaska",21720,"Pacific cod",0.0904334856721099,811.640533907186,2353.06398779853
"676",2008,"United States",7,"Western Gulf of Alaska",30020,"Shortspine thornyhead",1.54269766404633,13845.7115348158,8438.12977975561
"677",2008,"United States",7,"Western Gulf of Alaska",30050,"Rougheye rockfish",0.559820784651775,5024.39154224968,6932.84917647886
"678",2008,"United States",7,"Western Gulf of Alaska",30576,"Shortraker rockfish",0.34151466562628,3065.09412399586,4428.22517275132
"679",2009,"United States",1,"Aleutians",20510,"Sablefish",1.39980794064047,70664.9666220907,221772.948289361
"680",2009,"United States",1,"Aleutians",10120,"Pacific halibut",0.456491922941834,20729.4877331885,NA
"681",2009,"United States",1,"Aleutians",21230,"Giant grenadier",12.1357679901919,630316.978153815,2118707.62459741
"682",2009,"United States",1,"Aleutians",21720,"Pacific cod",3.38665788654053,147821.773931123,394019.561751167
"683",2009,"United States",1,"Aleutians",30020,"Shortspine thornyhead",1.71933579931628,88138.3893606875,66353.1233197487
"684",2009,"United States",1,"Aleutians",30050,"Rougheye rockfish",0.512725453228126,31001.8814947934,35185.9391357052
"685",2009,"United States",1,"Aleutians",30576,"Shortraker rockfish",0.338789691947636,18857.2472133898,16595.890482496
"686",2009,"United States",2,"Bering Sea",10120,"Pacific halibut",0.926119606740485,27287.4989441282,0
"687",2009,"United States",2,"Bering Sea",20510,"Sablefish",1.44041924059269,21387.2377464314,71272.5556806812
"688",2009,"United States",2,"Bering Sea",21230,"Giant grenadier",5.67615482718226,116726.510995454,540287.761051948
"689",2009,"United States",2,"Bering Sea",21720,"Pacific cod",1.46400553333884,43320.8707788913,130896.514784355
"690",2009,"United States",2,"Bering Sea",30020,"Shortspine thornyhead",0.536100993173966,14436.860430586,16118.2148884146
"691",2009,"United States",2,"Bering Sea",30050,"Rougheye rockfish",0.0996400837628139,2607.99092859701,3578.76402088351
"692",2009,"United States",2,"Bering Sea",30576,"Shortraker rockfish",0.196458742974437,4129.03642092894,7512.76757301427
"693",2009,"United States",3,"Central Gulf of Alaska",10120,"Pacific halibut",0.308841104906091,5181.2875948988,0
"694",2009,"United States",3,"Central Gulf of Alaska",20510,"Sablefish",7.73136525969673,129477.524960627,443372.700296609
"695",2009,"United States",3,"Central Gulf of Alaska",21230,"Giant grenadier",9.12499907099413,151584.764301394,499245.104512968
"696",2009,"United States",3,"Central Gulf of Alaska",21720,"Pacific cod",0.0864886772914823,1335.440438347,3090.19174099389
"697",2009,"United States",3,"Central Gulf of Alaska",30020,"Shortspine thornyhead",1.78095153798852,29404.8460191903,19794.6375408171
"698",2009,"United States",3,"Central Gulf of Alaska",30050,"Rougheye rockfish",0.44221384315223,7428.64898557417,10037.5050399037
"699",2009,"United States",3,"Central Gulf of Alaska",30576,"Shortraker rockfish",0.350331127136466,6251.84520340954,11983.4650474088
"700",2009,"United States",4,"East Yakutat/Southeast",10120,"Pacific halibut",1.26280277678043,12305.9512880514,0
"701",2009,"United States",4,"East Yakutat/Southeast",20510,"Sablefish",6.52197541703174,79426.3301515028,293113.140736526
"702",2009,"United States",4,"East Yakutat/Southeast",21230,"Giant grenadier",0.968655199749101,14654.9796353155,52396.0821755482
"703",2009,"United States",4,"East Yakutat/Southeast",21720,"Pacific cod",0.383778065469194,4154.77123087008,10186.8163218198
"704",2009,"United States",4,"East Yakutat/Southeast",30020,"Shortspine thornyhead",1.55959535228683,19221.9717085113,13075.8314566635
"705",2009,"United States",4,"East Yakutat/Southeast",30050,"Rougheye rockfish",0.621233220612138,9555.9412635273,14893.213921166
"706",2009,"United States",4,"East Yakutat/Southeast",30576,"Shortraker rockfish",0.390645569339631,4269.45090324361,6864.29078732023
"707",2009,"United States",6,"West Yakutat",10120,"Pacific halibut",0.553884997515498,3088.46274614642,0
"708",2009,"United States",6,"West Yakutat",20510,"Sablefish",5.78880394104702,32278.3707752782,121210.752376461
"709",2009,"United States",6,"West Yakutat",21230,"Giant grenadier",3.88506090390567,21663.099600178,67334.4751815819
"710",2009,"United States",6,"West Yakutat",21720,"Pacific cod",0.222411436610211,1240.16617053854,3749.81117955581
"711",2009,"United States",6,"West Yakutat",30020,"Shortspine thornyhead",1.61556211769802,9008.37436828415,5182.13666235519
"712",2009,"United States",6,"West Yakutat",30050,"Rougheye rockfish",0.440911181885923,2458.52075019591,3119.08951925584
"713",2009,"United States",6,"West Yakutat",30576,"Shortraker rockfish",1.07541254777068,5996.50036636933,10763.6882292274
"714",2009,"United States",7,"Western Gulf of Alaska",10120,"Pacific halibut",0.580936171357137,5213.9021379303,0
"715",2009,"United States",7,"Western Gulf of Alaska",20510,"Sablefish",7.8415635857749,70378.0331823297,210395.206736455
"716",2009,"United States",7,"Western Gulf of Alaska",21230,"Giant grenadier",13.6529879525963,122535.566874552,389086.854791234
"717",2009,"United States",7,"Western Gulf of Alaska",21720,"Pacific cod",0.607569876167959,5452.93963860744,12828.1010875693
"718",2009,"United States",7,"Western Gulf of Alaska",30020,"Shortspine thornyhead",2.14380539005266,19240.6533757227,10365.7033265155
"719",2009,"United States",7,"Western Gulf of Alaska",30050,"Rougheye rockfish",0.65880570745448,5912.78122440396,7426.92547529196
"720",2009,"United States",7,"Western Gulf of Alaska",30576,"Shortraker rockfish",0.439324532335798,3942.93767771378,5530.25598059621
"721",2010,"United States",2,"Bering Sea",20510,"Sablefish",1.80919006147614,25547.3232098327,82901.4443935084
"722",2010,"United States",2,"Bering Sea",10120,"Pacific halibut",0.443739911202316,14419.6598553033,NA
"723",2010,"United States",2,"Bering Sea",21230,"Giant grenadier",6.86259801809538,143412.258099474,629090.40790778
"724",2010,"United States",2,"Bering Sea",21720,"Pacific cod",1.63508130942964,54017.9608207045,183459.541732338
"725",2010,"United States",2,"Bering Sea",30020,"Shortspine thornyhead",0.671109556401238,17208.4239676473,20625.9100967924
"726",2010,"United States",2,"Bering Sea",30050,"Rougheye rockfish",0.139053377352872,3482.74545745627,4884.43753275991
"727",2010,"United States",2,"Bering Sea",30576,"Shortraker rockfish",0.139624098547764,2827.40406717391,4879.2543012874
"728",2010,"United States",1,"Aleutians",10120,"Pacific halibut",0.556903089632391,27901.7050902132,0
"729",2010,"United States",1,"Aleutians",20510,"Sablefish",1.01748394987696,50980.6948476643,166788.090131048
"730",2010,"United States",1,"Aleutians",21230,"Giant grenadier",19.4246154748364,973190.985866888,3453650.67315724
"731",2010,"United States",1,"Aleutians",21720,"Pacific cod",0.847445979354394,42462.4378661409,121432.665105016
"732",2010,"United States",1,"Aleutians",30020,"Shortspine thornyhead",2.40927285155756,120724.058400753,111018.231982087
"733",2010,"United States",1,"Aleutians",30050,"Rougheye rockfish",0.598613077182425,29995.9796932458,35668.5174085679
"734",2010,"United States",1,"Aleutians",30576,"Shortraker rockfish",0.582680529957398,29195.9158994269,21933.1174537371
"735",2010,"United States",3,"Central Gulf of Alaska",10120,"Pacific halibut",0.193282571581323,3335.91417510564,0
"736",2010,"United States",3,"Central Gulf of Alaska",20510,"Sablefish",8.46319799877751,143098.723346517,469646.059709302
"737",2010,"United States",3,"Central Gulf of Alaska",21230,"Giant grenadier",11.8847589067309,193709.255842095,587656.019141187
"738",2010,"United States",3,"Central Gulf of Alaska",21720,"Pacific cod",0.1001578616164,1614.34643041588,4224.80213725532
"739",2010,"United States",3,"Central Gulf of Alaska",30020,"Shortspine thornyhead",2.0963646362746,34880.6114709658,24000.0525424036
"740",2010,"United States",3,"Central Gulf of Alaska",30050,"Rougheye rockfish",0.456313722680711,7741.391152153,9278.55905240937
"741",2010,"United States",3,"Central Gulf of Alaska",30576,"Shortraker rockfish",0.164910322408447,2857.58812440131,4663.64228537631
"742",2010,"United States",4,"East Yakutat/Southeast",10120,"Pacific halibut",0.406755038757941,4680.87435354018,0
"743",2010,"United States",4,"East Yakutat/Southeast",20510,"Sablefish",10.8906102722379,121180.432809564,403817.03624474
"744",2010,"United States",4,"East Yakutat/Southeast",21230,"Giant grenadier",1.14087132294805,15819.0687976762,46028.3270155436
"745",2010,"United States",4,"East Yakutat/Southeast",21720,"Pacific cod",0.373695331292186,5366.27069662511,15503.4917340218
"746",2010,"United States",4,"East Yakutat/Southeast",30020,"Shortspine thornyhead",2.05022310799788,23195.3443385802,17285.1106579939
"747",2010,"United States",4,"East Yakutat/Southeast",30050,"Rougheye rockfish",0.829991014209539,12273.9858152511,22812.3168260026
"748",2010,"United States",4,"East Yakutat/Southeast",30576,"Shortraker rockfish",0.336893022231621,3459.63966753278,5440.29981106674
"749",2010,"United States",6,"West Yakutat",10120,"Pacific halibut",0.188839427149034,1052.96864578301,0
"750",2010,"United States",6,"West Yakutat",20510,"Sablefish",9.63285335096727,53712.7902849935,217114.926384639
"751",2010,"United States",6,"West Yakutat",21230,"Giant grenadier",3.24922057215452,18117.6539103336,50695.4293292852
"752",2010,"United States",6,"West Yakutat",21720,"Pacific cod",0.167539100150753,934.198022440599,2781.61739629959
"753",2010,"United States",6,"West Yakutat",30020,"Shortspine thornyhead",2.64637720984772,14756.1993221109,8797.44178710172
"754",2010,"United States",6,"West Yakutat",30050,"Rougheye rockfish",0.501349988230519,2795.52753437337,2560.31484512058
"755",2010,"United States",6,"West Yakutat",30576,"Shortraker rockfish",0.64461857174873,3594.39315607092,6943.2717718412
"756",2010,"United States",7,"Western Gulf of Alaska",10120,"Pacific halibut",0.507895595837262,4558.36297263942,0
"757",2010,"United States",7,"Western Gulf of Alaska",20510,"Sablefish",6.03573070471692,54170.6830748343,151784.51302037
"758",2010,"United States",7,"Western Gulf of Alaska",21230,"Giant grenadier",17.1324957013919,153764.148919992,489369.669750901
"759",2010,"United States",7,"Western Gulf of Alaska",21720,"Pacific cod",0.810795724553671,7276.89162786919,19333.601611352
"760",2010,"United States",7,"Western Gulf of Alaska",30020,"Shortspine thornyhead",2.09495068643116,18802.1824107197,11876.5942851831
"761",2010,"United States",7,"Western Gulf of Alaska",30050,"Rougheye rockfish",1.23116302460364,11049.6881458176,13768.8475526365
"762",2010,"United States",7,"Western Gulf of Alaska",30576,"Shortraker rockfish",0.456723852889051,4099.09657967924,5775.97205228585
"763",2011,"United States",1,"Aleutians",20510,"Sablefish",1.13314957884726,60717.6251953676,180925.162471742
"764",2011,"United States",1,"Aleutians",10120,"Pacific halibut",1.08306655143186,52881.5132364582,NA
"765",2011,"United States",1,"Aleutians",21230,"Giant grenadier",15.2673135166695,750901.141726793,2386439.76633666
"766",2011,"United States",1,"Aleutians",21720,"Pacific cod",1.06939362570847,58060.0772194072,150601.793543014
"767",2011,"United States",1,"Aleutians",30020,"Shortspine thornyhead",2.14479676789721,110544.396161814,94556.5009894323
"768",2011,"United States",1,"Aleutians",30050,"Rougheye rockfish",0.728254014075225,34747.7678551536,41852.9643431682
"769",2011,"United States",1,"Aleutians",30576,"Shortraker rockfish",0.829555718722103,43588.8657796949,33115.942657719
"770",2011,"United States",2,"Bering Sea",10120,"Pacific halibut",1.53499875532193,36689.0050986569,0
"771",2011,"United States",2,"Bering Sea",20510,"Sablefish",1.34066044223467,33236.5520274087,91407.5129023215
"772",2011,"United States",2,"Bering Sea",21230,"Giant grenadier",6.5456448028564,150947.106442916,579963.402842691
"773",2011,"United States",2,"Bering Sea",21720,"Pacific cod",2.88965369048034,82900.9573067344,239715.532883457
"774",2011,"United States",2,"Bering Sea",30020,"Shortspine thornyhead",1.03734715659682,24978.4075191477,28547.2210673237
"775",2011,"United States",2,"Bering Sea",30050,"Rougheye rockfish",0.513183513692471,8786.56497076871,10190.316364831
"776",2011,"United States",2,"Bering Sea",30576,"Shortraker rockfish",0.58033778354663,12451.5529538558,26766.7965338021
"777",2011,"United States",3,"Central Gulf of Alaska",10120,"Pacific halibut",0.432033613109557,7232.96689716122,0
"778",2011,"United States",3,"Central Gulf of Alaska",20510,"Sablefish",12.4292262218869,208087.926891709,659572.414102894
"779",2011,"United States",3,"Central Gulf of Alaska",21230,"Giant grenadier",8.56030002604646,139739.774299182,408634.347862761
"780",2011,"United States",3,"Central Gulf of Alaska",21720,"Pacific cod",0.527969356705439,8965.10606777689,20691.4515608333
"781",2011,"United States",3,"Central Gulf of Alaska",30020,"Shortspine thornyhead",2.03368720788575,33885.9195384339,22851.0872374174
"782",2011,"United States",3,"Central Gulf of Alaska",30050,"Rougheye rockfish",0.512133983329946,8833.17510446732,9841.76692339589
"783",2011,"United States",3,"Central Gulf of Alaska",30576,"Shortraker rockfish",0.269971591266281,4671.46922020772,8135.27182170197
"784",2011,"United States",4,"East Yakutat/Southeast",10120,"Pacific halibut",1.04129894675254,10510.6141743911,0
"785",2011,"United States",4,"East Yakutat/Southeast",20510,"Sablefish",8.85224038906347,103803.647579241,327935.116425761
"786",2011,"United States",4,"East Yakutat/Southeast",21230,"Giant grenadier",0.770529454937462,11817.297102191,37313.1383590715
"787",2011,"United States",4,"East Yakutat/Southeast",21720,"Pacific cod",0.519843015114244,6001.61237570614,17297.5236478162
"788",2011,"United States",4,"East Yakutat/Southeast",30020,"Shortspine thornyhead",1.7384429806715,21653.848083377,13972.8177214509
"789",2011,"United States",4,"East Yakutat/Southeast",30050,"Rougheye rockfish",1.05185949531751,14059.6360487025,26987.9493358905
"790",2011,"United States",4,"East Yakutat/Southeast",30576,"Shortraker rockfish",0.471087768943034,4806.9957695827,8111.95935166745
"791",2011,"United States",6,"West Yakutat",10120,"Pacific halibut",0.390110043976599,2175.25360521352,0
"792",2011,"United States",6,"West Yakutat",20510,"Sablefish",8.15106131865056,45450.3179127955,156078.042773336
"793",2011,"United States",6,"West Yakutat",21230,"Giant grenadier",2.7014822942124,15063.4652725283,44132.070368437
"794",2011,"United States",6,"West Yakutat",21720,"Pacific cod",0.364052023704492,2029.95408417625,5527.15523456125
"795",2011,"United States",6,"West Yakutat",30020,"Shortspine thornyhead",2.58599156600077,14419.4889720203,7697.55925687981
"796",2011,"United States",6,"West Yakutat",30050,"Rougheye rockfish",0.762859894193456,4253.70677002271,3830.78667502065
"797",2011,"United States",6,"West Yakutat",30576,"Shortraker rockfish",0.704362289504223,3927.52412627555,7404.21631008335
"798",2011,"United States",7,"Western Gulf of Alaska",10120,"Pacific halibut",0.658524126305003,5910.2540335874,0
"799",2011,"United States",7,"Western Gulf of Alaska",20510,"Sablefish",9.57114295879194,85901.0080551577,204080.458379482
"800",2011,"United States",7,"Western Gulf of Alaska",21230,"Giant grenadier",14.2251157391597,127670.413758958,320970.146148859
"801",2011,"United States",7,"Western Gulf of Alaska",21720,"Pacific cod",0.420654310327328,3775.37243518777,8378.53959682413
"802",2011,"United States",7,"Western Gulf of Alaska",30020,"Shortspine thornyhead",1.55412974774643,13948.3144860242,8250.45425866179
"803",2011,"United States",7,"Western Gulf of Alaska",30050,"Rougheye rockfish",1.34574622078333,12078.0723315304,16154.9265452641
"804",2011,"United States",7,"Western Gulf of Alaska",30576,"Shortraker rockfish",0.836958955910643,7511.70662929802,10808.3741906102
"805",2012,"United States",2,"Bering Sea",20510,"Sablefish",0.997217810235787,24559.8635047158,67950.0868075198
"806",2012,"United States",2,"Bering Sea",10120,"Pacific halibut",1.76005771865404,41209.9118326118,NA
"807",2012,"United States",2,"Bering Sea",21230,"Giant grenadier",6.27679760555024,144318.01851813,605017.495152327
"808",2012,"United States",2,"Bering Sea",21720,"Pacific cod",2.21904208214533,60836.6079222652,209482.462543166
"809",2012,"United States",2,"Bering Sea",30020,"Shortspine thornyhead",0.92673719406154,22799.733510667,28169.1652062829
"810",2012,"United States",2,"Bering Sea",30050,"Rougheye rockfish",0.373562047749447,5942.57893628682,7113.1558711848
"811",2012,"United States",2,"Bering Sea",30576,"Shortraker rockfish",0.474711667428756,9379.98793061994,21464.4155186281
"812",2012,"United States",1,"Aleutians",10120,"Pacific halibut",0.994336758004234,49816.9722566506,0
"813",2012,"United States",1,"Aleutians",20510,"Sablefish",1.65315014741712,82828.8087642898,195088.015490477
"814",2012,"United States",1,"Aleutians",21230,"Giant grenadier",11.4121721914629,571745.227582593,2370449.25939444
"815",2012,"United States",1,"Aleutians",21720,"Pacific cod",0.834250585350606,41798.3593405254,135774.352502283
"816",2012,"United States",1,"Aleutians",30020,"Shortspine thornyhead",2.1235696136219,106400.104889373,109783.180719454
"817",2012,"United States",1,"Aleutians",30050,"Rougheye rockfish",0.572097789096352,28667.8042615762,33044.1279601109
"818",2012,"United States",1,"Aleutians",30576,"Shortraker rockfish",0.476803861188958,23891.2354240371,21531.9575339084
"819",2012,"United States",3,"Central Gulf of Alaska",10120,"Pacific halibut",0.341347975243294,5798.66987317746,0
"820",2012,"United States",3,"Central Gulf of Alaska",20510,"Sablefish",8.26259230603419,136677.71404448,439616.368784786
"821",2012,"United States",3,"Central Gulf of Alaska",21230,"Giant grenadier",8.09277134233231,132048.828147968,448548.466066086
"822",2012,"United States",3,"Central Gulf of Alaska",21720,"Pacific cod",0.180635353395383,2977.97070138567,8846.32083188108
"823",2012,"United States",3,"Central Gulf of Alaska",30020,"Shortspine thornyhead",2.22033054688996,37080.0972338067,26236.79871581
"824",2012,"United States",3,"Central Gulf of Alaska",30050,"Rougheye rockfish",0.319361145507726,5357.90842247433,7164.56044142361
"825",2012,"United States",3,"Central Gulf of Alaska",30576,"Shortraker rockfish",0.21226334527333,3683.6969594981,6024.43072421741
"826",2012,"United States",4,"East Yakutat/Southeast",10120,"Pacific halibut",1.55685876475179,15681.5072737216,0
"827",2012,"United States",4,"East Yakutat/Southeast",20510,"Sablefish",7.60965799421522,89677.3413134774,314467.664448585
"828",2012,"United States",4,"East Yakutat/Southeast",21230,"Giant grenadier",1.08126383252088,15296.0640959701,52167.012239556
"829",2012,"United States",4,"East Yakutat/Southeast",21720,"Pacific cod",0.4259839891312,5884.50445625371,18486.1038547726
"830",2012,"United States",4,"East Yakutat/Southeast",30020,"Shortspine thornyhead",1.50283122251582,17253.1386142938,12632.4230842731
"831",2012,"United States",4,"East Yakutat/Southeast",30050,"Rougheye rockfish",0.64973635248808,8955.19971739492,16237.6743147759
"832",2012,"United States",4,"East Yakutat/Southeast",30576,"Shortraker rockfish",0.458948591637383,4111.17498213846,7428.91608765551
"833",2012,"United States",6,"West Yakutat",10120,"Pacific halibut",0.407551440037384,2272.50682964845,0
"834",2012,"United States",6,"West Yakutat",20510,"Sablefish",4.92886664689239,27483.3604230719,107478.222565452
"835",2012,"United States",6,"West Yakutat",21230,"Giant grenadier",2.83096462050421,15785.4587239315,53662.2754076014
"836",2012,"United States",6,"West Yakutat",21720,"Pacific cod",0.23670049712425,1319.84197196482,4149.56720465469
"837",2012,"United States",6,"West Yakutat",30020,"Shortspine thornyhead",2.28580745405809,12745.6623638279,8426.09999762491
"838",2012,"United States",6,"West Yakutat",30050,"Rougheye rockfish",0.906328599928392,5053.68827320072,6262.76523106228
"839",2012,"United States",6,"West Yakutat",30576,"Shortraker rockfish",0.814680965241355,4542.6610621858,9061.17779663049
"840",2012,"United States",7,"Western Gulf of Alaska",10120,"Pacific halibut",0.585975115638624,5259.12666285665,0
"841",2012,"United States",7,"Western Gulf of Alaska",20510,"Sablefish",8.21081929649674,73692.1031860583,140259.377157739
"842",2012,"United States",7,"Western Gulf of Alaska",21230,"Giant grenadier",13.173964709117,118236.333264325,291708.839320222
"843",2012,"United States",7,"Western Gulf of Alaska",21720,"Pacific cod",0.563920113703932,5061.18302049279,13867.6904679768
"844",2012,"United States",7,"Western Gulf of Alaska",30020,"Shortspine thornyhead",1.05961693819342,9510.06202028597,4777.72889442051
"845",2012,"United States",7,"Western Gulf of Alaska",30050,"Rougheye rockfish",0.797971990971167,7161.79861896622,9993.92632156837
"846",2012,"United States",7,"Western Gulf of Alaska",30576,"Shortraker rockfish",0.381076186748987,3420.15877607216,5118.96265531041
"847",2013,"United States",1,"Aleutians",20510,"Sablefish",1.2938179392835,63599.0337382585,162619.295136775
"848",2013,"United States",1,"Aleutians",10120,"Pacific halibut",0.78956766548641,37966.4619425563,NA
"849",2013,"United States",1,"Aleutians",21230,"Giant grenadier",10.9086003930002,498331.006687481,2325972.51851965
"850",2013,"United States",1,"Aleutians",21720,"Pacific cod",0.596675087521907,25640.7421919343,78780.5011909949
"851",2013,"United States",1,"Aleutians",30020,"Shortspine thornyhead",3.15952802137434,146712.122839974,146696.131316172
"852",2013,"United States",1,"Aleutians",30050,"Rougheye rockfish",0.46513632911485,24347.2950180955,26441.5911953737
"853",2013,"United States",1,"Aleutians",30576,"Shortraker rockfish",0.369684744614608,19382.4044451126,16534.2406638613
"854",2013,"United States",2,"Bering Sea",10120,"Pacific halibut",1.77027779453797,48206.9529255488,0
"855",2013,"United States",2,"Bering Sea",20510,"Sablefish",2.50757465547983,94061.0218998676,254093.390408602
"856",2013,"United States",2,"Bering Sea",21230,"Giant grenadier",5.98991301470643,132674.690219894,616071.37865936
"857",2013,"United States",2,"Bering Sea",21720,"Pacific cod",2.13225472565238,74307.581877089,257035.420661202
"858",2013,"United States",2,"Bering Sea",30020,"Shortspine thornyhead",0.743772955867529,19299.043344035,24759.9100388169
"859",2013,"United States",2,"Bering Sea",30050,"Rougheye rockfish",0.749915138498093,15142.0503488043,22583.5463139586
"860",2013,"United States",2,"Bering Sea",30576,"Shortraker rockfish",0.356885097344018,7746.90635739466,12588.23017469
"861",2013,"United States",3,"Central Gulf of Alaska",10120,"Pacific halibut",0.404274746140306,6942.12584066611,0
"862",2013,"United States",3,"Central Gulf of Alaska",20510,"Sablefish",6.57956564952283,110085.649638219,367344.947558278
"863",2013,"United States",3,"Central Gulf of Alaska",21230,"Giant grenadier",7.54623153119582,124285.260320641,437970.920544444
"864",2013,"United States",3,"Central Gulf of Alaska",21720,"Pacific cod",0.118438512839625,1899.30451786473,5635.52528195291
"865",2013,"United States",3,"Central Gulf of Alaska",30020,"Shortspine thornyhead",2.74928034405733,45629.7472585608,31873.0391287402
"866",2013,"United States",3,"Central Gulf of Alaska",30050,"Rougheye rockfish",0.315372941422078,5420.08975301326,7069.73872249323
"867",2013,"United States",3,"Central Gulf of Alaska",30576,"Shortraker rockfish",0.173501988080634,3022.54003668997,4726.44133942128
"868",2013,"United States",4,"East Yakutat/Southeast",10120,"Pacific halibut",0.999047338259773,9168.17615485897,0
"869",2013,"United States",4,"East Yakutat/Southeast",20510,"Sablefish",6.57457496255386,78316.2550021722,273855.633059907
"870",2013,"United States",4,"East Yakutat/Southeast",21230,"Giant grenadier",0.813753602785098,11402.343254697,39852.5602826177
"871",2013,"United States",4,"East Yakutat/Southeast",21720,"Pacific cod",0.261602170526792,2971.84293386186,8369.92246263156
"872",2013,"United States",4,"East Yakutat/Southeast",30020,"Shortspine thornyhead",2.1665129535568,24155.5201555393,16619.7622360714
"873",2013,"United States",4,"East Yakutat/Southeast",30050,"Rougheye rockfish",0.477541924213322,7491.59844623584,13036.2165849619
"874",2013,"United States",4,"East Yakutat/Southeast",30576,"Shortraker rockfish",0.291486044339836,3406.89189193873,6052.04542718384
"875",2013,"United States",6,"West Yakutat",10120,"Pacific halibut",0.320404376015705,1786.57480066357,0
"876",2013,"United States",6,"West Yakutat",20510,"Sablefish",4.04278381981008,22542.562579261,94265.2628013671
"877",2013,"United States",6,"West Yakutat",21230,"Giant grenadier",3.3967834931834,18940.4647579907,60372.5047712766
"878",2013,"United States",6,"West Yakutat",21720,"Pacific cod",0.0733513638774548,409.007204980688,1661.40102300954
"879",2013,"United States",6,"West Yakutat",30020,"Shortspine thornyhead",3.0286629198088,16887.8244408539,9584.69741209784
"880",2013,"United States",6,"West Yakutat",30050,"Rougheye rockfish",0.304274048740338,1696.63209577612,1880.40738312294
"881",2013,"United States",6,"West Yakutat",30576,"Shortraker rockfish",0.491661327362973,2741.50356137594,5395.11181349085
"882",2013,"United States",7,"Western Gulf of Alaska",10120,"Pacific halibut",0.572496714572809,4213.57581925587,0
"883",2013,"United States",7,"Western Gulf of Alaska",20510,"Sablefish",5.50891606542981,40545.6222415634,99621.4754738115
"884",2013,"United States",7,"Western Gulf of Alaska",21230,"Giant grenadier",12.3111526660597,90610.0836221994,292015.484182919
"885",2013,"United States",7,"Western Gulf of Alaska",21720,"Pacific cod",0.553098133376616,4070.80226165189,10646.4470741728
"886",2013,"United States",7,"Western Gulf of Alaska",30020,"Shortspine thornyhead",2.57245639330329,18933.2790547122,11504.3354558507
"887",2013,"United States",7,"Western Gulf of Alaska",30050,"Rougheye rockfish",1.0763810539606,7922.16455715,9748.32608593948
"888",2013,"United States",7,"Western Gulf of Alaska",30576,"Shortraker rockfish",0.490885039608159,3612.91389151605,5045.96439192466
"889",2014,"United States",2,"Bering Sea",20510,"Sablefish",3.1844257364403,111536.515194997,289895.42904177
"890",2014,"United States",2,"Bering Sea",10120,"Pacific halibut",2.22513484128453,60220.4472762118,NA
"891",2014,"United States",2,"Bering Sea",21230,"Giant grenadier",5.89660486208559,128068.473273123,580121.91340776
"892",2014,"United States",2,"Bering Sea",21720,"Pacific cod",3.70196626943237,160099.249044366,540984.172374518
"893",2014,"United States",2,"Bering Sea",30020,"Shortspine thornyhead",0.563639981822892,15201.0664068352,21682.432568396
"894",2014,"United States",2,"Bering Sea",30050,"Rougheye rockfish",1.09440140976934,21174.783969853,33580.5981468153
"895",2014,"United States",2,"Bering Sea",30576,"Shortraker rockfish",0.576266290595503,11248.0567499059,20415.0640599337
"896",2014,"United States",1,"Aleutians",10120,"Pacific halibut",0.53866659007606,26989.3483997966,0
"897",2014,"United States",1,"Aleutians",20510,"Sablefish",1.30294794203608,65282.5587663526,188136.634807176
"898",2014,"United States",1,"Aleutians",21230,"Giant grenadier",18.4719964888155,925459.439581836,3644153.67539011
"899",2014,"United States",1,"Aleutians",21720,"Pacific cod",0.978649596595672,49032.5807745418,174610.127356287
"900",2014,"United States",1,"Aleutians",30020,"Shortspine thornyhead",2.01091779455684,100757.531031721,119315.521860289
"901",2014,"United States",1,"Aleutians",30050,"Rougheye rockfish",0.920019211250363,46102.2376103397,52464.7959187969
"902",2014,"United States",1,"Aleutians",30576,"Shortraker rockfish",0.580722872508666,29098.8732814133,27306.5941817959
"903",2014,"United States",3,"Central Gulf of Alaska",10120,"Pacific halibut",0.561650963348746,9741.70353322224,0
"904",2014,"United States",3,"Central Gulf of Alaska",20510,"Sablefish",6.76203784555336,111602.03038494,367418.846768206
"905",2014,"United States",3,"Central Gulf of Alaska",21230,"Giant grenadier",7.07637145608822,116009.220963041,384193.797796303
"906",2014,"United States",3,"Central Gulf of Alaska",21720,"Pacific cod",0.474849542165017,8110.33627237628,20973.5759550551
"907",2014,"United States",3,"Central Gulf of Alaska",30020,"Shortspine thornyhead",2.28278026577988,37539.4952446285,27787.3336256766
"908",2014,"United States",3,"Central Gulf of Alaska",30050,"Rougheye rockfish",0.412214130974798,6994.61840179801,9263.39081758317
"909",2014,"United States",3,"Central Gulf of Alaska",30576,"Shortraker rockfish",0.260383575866764,4514.81154039451,7698.1145631836
"910",2014,"United States",4,"East Yakutat/Southeast",10120,"Pacific halibut",0.964346311199041,9378.22150727399,0
"911",2014,"United States",4,"East Yakutat/Southeast",20510,"Sablefish",7.56612196175854,89147.6044943871,304411.68091971
"912",2014,"United States",4,"East Yakutat/Southeast",21230,"Giant grenadier",0.719769428891675,10792.972320468,40502.8114539249
"913",2014,"United States",4,"East Yakutat/Southeast",21720,"Pacific cod",0.597870949001973,7533.20023493794,20712.4866816529
"914",2014,"United States",4,"East Yakutat/Southeast",30020,"Shortspine thornyhead",1.66042110732814,19429.8235806862,14107.3963065498
"915",2014,"United States",4,"East Yakutat/Southeast",30050,"Rougheye rockfish",0.78378409874355,11882.266581167,23359.2182217698
"916",2014,"United States",4,"East Yakutat/Southeast",30576,"Shortraker rockfish",0.400307944457211,4082.88540694913,7334.75992957188
"917",2014,"United States",6,"West Yakutat",10120,"Pacific halibut",0.846759316773086,4721.52995032673,0
"918",2014,"United States",6,"West Yakutat",20510,"Sablefish",5.21486645866494,29078.0953735157,112590.772785493
"919",2014,"United States",6,"West Yakutat",21230,"Giant grenadier",3.96813321140354,22126.3107867862,68304.4856976314
"920",2014,"United States",6,"West Yakutat",21720,"Pacific cod",0.259196141692592,1445.2776860779,4025.32908311728
"921",2014,"United States",6,"West Yakutat",30020,"Shortspine thornyhead",1.91904349105528,10700.5865061243,7175.6019317372
"922",2014,"United States",6,"West Yakutat",30050,"Rougheye rockfish",1.07269376756166,5981.34044792382,6130.71652193644
"923",2014,"United States",6,"West Yakutat",30576,"Shortraker rockfish",1.33211694010992,7427.88405805292,15906.4576684224
"924",2014,"United States",7,"Western Gulf of Alaska",10120,"Pacific halibut",0.513460592104631,3779.06995789008,0
"925",2014,"United States",7,"Western Gulf of Alaska",20510,"Sablefish",9.29163382645726,68386.4249627254,168330.741634559
"926",2014,"United States",7,"Western Gulf of Alaska",21230,"Giant grenadier",11.9287280172497,87795.4382069577,288765.244255626
"927",2014,"United States",7,"Western Gulf of Alaska",21720,"Pacific cod",0.415525947215803,3058.27097150831,9670.3783754619
"928",2014,"United States",7,"Western Gulf of Alaska",30020,"Shortspine thornyhead",2.10759645095765,15511.9098790483,11862.9843868584
"929",2014,"United States",7,"Western Gulf of Alaska",30050,"Rougheye rockfish",0.903344297844916,6648.61403213858,8434.56142082773
"930",2014,"United States",7,"Western Gulf of Alaska",30576,"Shortraker rockfish",0.344541249752227,2535.82359817639,3473.66564597949
"931",2015,"United States",1,"Aleutians",20510,"Sablefish",1.09725800453752,57984.3979040704,166939.844369906
"932",2015,"United States",1,"Aleutians",10120,"Pacific halibut",0.688238048011993,36356.762488088,NA
"933",2015,"United States",1,"Aleutians",21230,"Giant grenadier",26.4284053622802,1493307.4198492,5660192.08066389
"934",2015,"United States",1,"Aleutians",21720,"Pacific cod",1.31147470005614,58459.1460075199,165813.554156113
"935",2015,"United States",1,"Aleutians",30020,"Shortspine thornyhead",1.85800128142544,99564.609024717,112432.711587492
"936",2015,"United States",1,"Aleutians",30050,"Rougheye rockfish",0.783162210834401,45352.367289256,54671.1754158924
"937",2015,"United States",1,"Aleutians",30576,"Shortraker rockfish",0.531320492820212,27305.7788400059,24689.7830610747
"938",2015,"United States",2,"Bering Sea",10120,"Pacific halibut",2.30202983418759,75208.3314969138,0
"939",2015,"United States",2,"Bering Sea",20510,"Sablefish",1.79801022348198,47772.249740219,135345.468992575
"940",2015,"United States",2,"Bering Sea",21230,"Giant grenadier",5.60072172444504,131278.843338663,532725.584904782
"941",2015,"United States",2,"Bering Sea",21720,"Pacific cod",3.21163864844404,88714.1829230808,271700.711537158
"942",2015,"United States",2,"Bering Sea",30020,"Shortspine thornyhead",1.03898846649035,25936.670369085,31781.5291353213
"943",2015,"United States",2,"Bering Sea",30050,"Rougheye rockfish",0.145607149832756,3756.82258485365,5830.30696604365
"944",2015,"United States",2,"Bering Sea",30576,"Shortraker rockfish",0.38130498655717,10730.070484703,19315.6089957351
"945",2015,"United States",3,"Central Gulf of Alaska",10120,"Pacific halibut",0.826827504257944,14234.4422094007,0
"946",2015,"United States",3,"Central Gulf of Alaska",20510,"Sablefish",6.6375119066246,111130.420868053,343656.267258034
"947",2015,"United States",3,"Central Gulf of Alaska",21230,"Giant grenadier",11.3983369604727,184850.971271913,582112.616423804
"948",2015,"United States",3,"Central Gulf of Alaska",21720,"Pacific cod",0.664227247805139,11457.7174684061,22113.6521965374
"949",2015,"United States",3,"Central Gulf of Alaska",30020,"Shortspine thornyhead",2.25207965256086,38036.7580660796,27083.046028474
"950",2015,"United States",3,"Central Gulf of Alaska",30050,"Rougheye rockfish",0.372409955066906,6482.05214893868,8959.76395787102
"951",2015,"United States",3,"Central Gulf of Alaska",30576,"Shortraker rockfish",0.21258793707025,3601.35811151613,5496.72317162722
"952",2015,"United States",4,"East Yakutat/Southeast",10120,"Pacific halibut",1.38472806444724,13653.4974083694,0
"953",2015,"United States",4,"East Yakutat/Southeast",20510,"Sablefish",6.69700862641448,78515.3579808156,252988.267755734
"954",2015,"United States",4,"East Yakutat/Southeast",21230,"Giant grenadier",0.633401065555444,9987.72456097132,34360.8154321249
"955",2015,"United States",4,"East Yakutat/Southeast",21720,"Pacific cod",0.553340134536552,5747.86782512443,14733.0791767079
"956",2015,"United States",4,"East Yakutat/Southeast",30020,"Shortspine thornyhead",1.49474766771807,17668.985509697,13051.207339842
"957",2015,"United States",4,"East Yakutat/Southeast",30050,"Rougheye rockfish",0.675061288143196,11446.5406354045,21495.5324455591
"958",2015,"United States",4,"East Yakutat/Southeast",30576,"Shortraker rockfish",0.458952801854137,4478.83717681901,8266.39647694188
"959",2015,"United States",6,"West Yakutat",10120,"Pacific halibut",1.15584712100049,6445.00354669871,0
"960",2015,"United States",6,"West Yakutat",20510,"Sablefish",6.77543192029167,37779.8083875463,152414.071029204
"961",2015,"United States",6,"West Yakutat",21230,"Giant grenadier",2.68208503411631,14955.3061502326,46716.1942642159
"962",2015,"United States",6,"West Yakutat",21720,"Pacific cod",0.963372385575427,5371.76442196858,12658.9470449705
"963",2015,"United States",6,"West Yakutat",30020,"Shortspine thornyhead",1.75669251077279,9795.31744006908,6525.74273138323
"964",2015,"United States",6,"West Yakutat",30050,"Rougheye rockfish",0.519946908670812,2899.22396274845,3842.08019884885
"965",2015,"United States",6,"West Yakutat",30576,"Shortraker rockfish",1.12639291295242,6280.76688262267,12895.8098617366
"966",2015,"United States",7,"Western Gulf of Alaska",10120,"Pacific halibut",0.32022991468317,2874.06348428145,0
"967",2015,"United States",7,"Western Gulf of Alaska",20510,"Sablefish",4.17272268187125,37450.1860697945,96349.7207065185
"968",2015,"United States",7,"Western Gulf of Alaska",21230,"Giant grenadier",19.1844220205967,172180.187634856,551069.715348344
"969",2015,"United States",7,"Western Gulf of Alaska",21720,"Pacific cod",0.160783706492602,1443.0337657711,3086.04849931036
"970",2015,"United States",7,"Western Gulf of Alaska",30020,"Shortspine thornyhead",1.86026968651801,16695.9204364991,10758.3335969186
"971",2015,"United States",7,"Western Gulf of Alaska",30050,"Rougheye rockfish",1.13276346102344,10166.5520626854,14874.9722370757
"972",2015,"United States",7,"Western Gulf of Alaska",30576,"Shortraker rockfish",0.340576571673483,3056.67473076951,4456.24525969093
"973",2016,"United States",2,"Bering Sea",20510,"Sablefish",2.11763158527409,55504.904831747,143544.435352099
"974",2016,"United States",2,"Bering Sea",10120,"Pacific halibut",1.7547766168168,59128.3798895416,NA
"975",2016,"United States",2,"Bering Sea",21230,"Giant grenadier",3.78412251509669,87505.5403595943,347090.418807436
"976",2016,"United States",2,"Bering Sea",21720,"Pacific cod",1.90528815180153,52188.3772972589,187358.801208103
"977",2016,"United States",2,"Bering Sea",30020,"Shortspine thornyhead",1.03344815736606,23968.8702161727,29623.7764085177
"978",2016,"United States",2,"Bering Sea",30050,"Rougheye rockfish",0.103881308946848,2709.80713665376,4284.46712953913
"979",2016,"United States",2,"Bering Sea",30576,"Shortraker rockfish",0.245955471913528,7809.75209352755,14677.3408676952
"980",2016,"United States",1,"Aleutians",10120,"Pacific halibut",0.451323439712151,22613.3679907421,0
"981",2016,"United States",1,"Aleutians",20510,"Sablefish",2.42285561163237,121392.195340127,295902.94904889
"982",2016,"United States",1,"Aleutians",21230,"Giant grenadier",17.3753884133794,870529.81357973,3207106.72109801
"983",2016,"United States",1,"Aleutians",21720,"Pacific cod",1.47766238349626,74035.682228219,190243.624687043
"984",2016,"United States",1,"Aleutians",30020,"Shortspine thornyhead",2.37329390883836,118916.445246409,139312.161874256
"985",2016,"United States",1,"Aleutians",30050,"Rougheye rockfish",0.733577431214897,36758.412031633,43629.9367555854
"986",2016,"United States",1,"Aleutians",30576,"Shortraker rockfish",0.351047106117352,17589.6857769163,14437.2865971856
"987",2016,"United States",3,"Central Gulf of Alaska",10120,"Pacific halibut",0.585342085211126,10333.9186848315,0
"988",2016,"United States",3,"Central Gulf of Alaska",20510,"Sablefish",7.29368762516683,119980.37850314,341511.784895108
"989",2016,"United States",3,"Central Gulf of Alaska",21230,"Giant grenadier",7.17271950475676,117512.602047058,423320.455009441
"990",2016,"United States",3,"Central Gulf of Alaska",21720,"Pacific cod",0.209189533752127,3519.28393014849,7520.98952232773
"991",2016,"United States",3,"Central Gulf of Alaska",30020,"Shortspine thornyhead",1.63423901354204,27077.242885096,19751.3712178619
"992",2016,"United States",3,"Central Gulf of Alaska",30050,"Rougheye rockfish",0.302948219442694,5055.3454809293,7964.52803747691
"993",2016,"United States",3,"Central Gulf of Alaska",30576,"Shortraker rockfish",0.236346837725879,4072.62913177331,6456.21597937796
"994",2016,"United States",4,"East Yakutat/Southeast",10120,"Pacific halibut",1.10635417913927,11749.4678944298,0
"995",2016,"United States",4,"East Yakutat/Southeast",20510,"Sablefish",5.9258575897934,73332.7184285604,236506.178570342
"996",2016,"United States",4,"East Yakutat/Southeast",21230,"Giant grenadier",0.653711668721679,9692.47894767126,32561.1163672485
"997",2016,"United States",4,"East Yakutat/Southeast",21720,"Pacific cod",0.368962004281212,4266.81693139086,13014.0008082901
"998",2016,"United States",4,"East Yakutat/Southeast",30020,"Shortspine thornyhead",1.78478286466863,20116.0947076591,15247.4628492274
"999",2016,"United States",4,"East Yakutat/Southeast",30050,"Rougheye rockfish",0.423992630548297,7835.53705594827,14978.707344812
"1000",2016,"United States",4,"East Yakutat/Southeast",30576,"Shortraker rockfish",0.221975076390908,2288.26816241186,4278.72493600141
"1001",2016,"United States",6,"West Yakutat",10120,"Pacific halibut",0.846442444668173,4719.76307146973,0
"1002",2016,"United States",6,"West Yakutat",20510,"Sablefish",6.94208217206142,38709.0501914145,145757.813143722
"1003",2016,"United States",6,"West Yakutat",21230,"Giant grenadier",2.32730568480676,12977.0564984825,40181.7335001578
"1004",2016,"United States",6,"West Yakutat",21720,"Pacific cod",0.275021204887602,1533.51823845327,4409.5859572311
"1005",2016,"United States",6,"West Yakutat",30020,"Shortspine thornyhead",1.84891563386025,10309.5535744048,6498.73490246745
"1006",2016,"United States",6,"West Yakutat",30050,"Rougheye rockfish",0.382391258156182,2132.21365547887,2716.20509660271
"1007",2016,"United States",6,"West Yakutat",30576,"Shortraker rockfish",0.573845957414674,3199.76505854422,7535.38566763402
"1008",2016,"United States",7,"Western Gulf of Alaska",10120,"Pacific halibut",0.272846348382502,2448.79597673295,0
"1009",2016,"United States",7,"Western Gulf of Alaska",20510,"Sablefish",8.43763148797603,75727.7426045849,172845.749094621
"1010",2016,"United States",7,"Western Gulf of Alaska",21230,"Giant grenadier",12.7495814537862,114427.493547732,295071.559513926
"1011",2016,"United States",7,"Western Gulf of Alaska",21720,"Pacific cod",0.536042694734196,4810.98318523941,11321.5153722902
"1012",2016,"United States",7,"Western Gulf of Alaska",30020,"Shortspine thornyhead",2.05658528448185,18457.8529282246,12022.4411420009
"1013",2016,"United States",7,"Western Gulf of Alaska",30050,"Rougheye rockfish",0.817073296154034,7333.23283298246,10475.417172936
"1014",2016,"United States",7,"Western Gulf of Alaska",30576,"Shortraker rockfish",0.347248369452722,3116.55411583818,5373.14364658107
"1015",2017,"United States",1,"Aleutians",20510,"Sablefish",2.4733638941925,124886.451982967,290783.542019277
"1016",2017,"United States",1,"Aleutians",10120,"Pacific halibut",0.570232111040808,25540.206904299,NA
"1017",2017,"United States",1,"Aleutians",21230,"Giant grenadier",20.9784769094898,1039601.86139423,3635124.77468708
"1018",2017,"United States",1,"Aleutians",21720,"Pacific cod",1.24669918451614,59961.2653809974,167747.657550905
"1019",2017,"United States",1,"Aleutians",30020,"Shortspine thornyhead",2.75281184004754,141725.588568884,153331.234606567
"1020",2017,"United States",1,"Aleutians",30050,"Rougheye rockfish",1.09000054540906,56097.9334918202,61516.3446930601
"1021",2017,"United States",1,"Aleutians",30576,"Shortraker rockfish",0.445746237013211,23424.8826104491,16788.5172227181
"1022",2017,"United States",2,"Bering Sea",10120,"Pacific halibut",1.06403811178551,22678.317558751,0
"1023",2017,"United States",2,"Bering Sea",20510,"Sablefish",3.83460427392195,106828.653492912,181412.11727873
"1024",2017,"United States",2,"Bering Sea",21230,"Giant grenadier",6.61498085764723,162993.197747027,685214.093816402
"1025",2017,"United States",2,"Bering Sea",21720,"Pacific cod",2.57841479865545,68410.1172715356,237471.535321193
"1026",2017,"United States",2,"Bering Sea",30020,"Shortspine thornyhead",0.748782463385982,23083.799256256,28294.8366177297
"1027",2017,"United States",2,"Bering Sea",30050,"Rougheye rockfish",0.150847814744719,3497.60691414436,4715.94377651109
"1028",2017,"United States",2,"Bering Sea",30576,"Shortraker rockfish",0.468647032572265,13415.7945691931,22898.5785656483
"1029",2017,"United States",3,"Central Gulf of Alaska",10120,"Pacific halibut",0.680633437141075,11835.8374299175,0
"1030",2017,"United States",3,"Central Gulf of Alaska",20510,"Sablefish",8.22781349014933,137823.876896851,397770.242590758
"1031",2017,"United States",3,"Central Gulf of Alaska",21230,"Giant grenadier",7.92487304036646,129176.487404221,397737.635996458
"1032",2017,"United States",3,"Central Gulf of Alaska",21720,"Pacific cod",0.1669875108005,2855.24002222246,7194.7869547692
"1033",2017,"United States",3,"Central Gulf of Alaska",30020,"Shortspine thornyhead",2.26287395158037,38162.4628704637,25846.0581258898
"1034",2017,"United States",3,"Central Gulf of Alaska",30050,"Rougheye rockfish",0.516379403373352,9022.04087448749,12217.0186241774
"1035",2017,"United States",3,"Central Gulf of Alaska",30576,"Shortraker rockfish",0.272061747249041,4714.91004223649,7675.69098707169
"1036",2017,"United States",4,"East Yakutat/Southeast",10120,"Pacific halibut",0.816172733429142,8572.25234982238,0
"1037",2017,"United States",4,"East Yakutat/Southeast",20510,"Sablefish",7.21578010890385,78221.2631644154,214380.196848694
"1038",2017,"United States",4,"East Yakutat/Southeast",21230,"Giant grenadier",0.811910256531874,12456.0215094357,39202.3551562783
"1039",2017,"United States",4,"East Yakutat/Southeast",21720,"Pacific cod",0.297158204499029,3112.87970470801,9565.66216724065
"1040",2017,"United States",4,"East Yakutat/Southeast",30020,"Shortspine thornyhead",1.85363070354063,21482.0828058897,14037.0169301209
"1041",2017,"United States",4,"East Yakutat/Southeast",30050,"Rougheye rockfish",0.625771065590998,11508.1810991705,20516.9745607844
"1042",2017,"United States",4,"East Yakutat/Southeast",30576,"Shortraker rockfish",0.355685820744728,3912.20723681544,6700.69883671817
"1043",2017,"United States",6,"West Yakutat",10120,"Pacific halibut",1.70983363117689,9534.03232744233,0
"1044",2017,"United States",6,"West Yakutat",20510,"Sablefish",6.72541315156539,37500.9037331286,132381.91065653
"1045",2017,"United States",6,"West Yakutat",21230,"Giant grenadier",2.16057006062635,12047.3386580525,40067.4280002947
"1046",2017,"United States",6,"West Yakutat",21720,"Pacific cod",0.258155559248175,1439.47539836782,3940.27087033811
"1047",2017,"United States",6,"West Yakutat",30020,"Shortspine thornyhead",2.47663950902025,13809.7419022969,7449.75564861035
"1048",2017,"United States",6,"West Yakutat",30050,"Rougheye rockfish",0.544512032995763,3036.19909598437,3647.63986449354
"1049",2017,"United States",6,"West Yakutat",30576,"Shortraker rockfish",0.538485991944862,3002.59789108455,5697.88757068952
"1050",2017,"United States",7,"Western Gulf of Alaska",10120,"Pacific halibut",0.344946050758805,3095.89080556028,0
"1051",2017,"United States",7,"Western Gulf of Alaska",20510,"Sablefish",7.02644920741352,63062.3816365364,136576.756565202
"1052",2017,"United States",7,"Western Gulf of Alaska",21230,"Giant grenadier",16.7553657028738,150379.407183293,419711.70988206
"1053",2017,"United States",7,"Western Gulf of Alaska",21720,"Pacific cod",0.44977549521076,4036.73506951657,11276.9714258134
"1054",2017,"United States",7,"Western Gulf of Alaska",30020,"Shortspine thornyhead",1.90265696776226,17076.3462856663,11572.9325550725
"1055",2017,"United States",7,"Western Gulf of Alaska",30050,"Rougheye rockfish",1.17572509615583,10552.1327379986,14566.970685569
"1056",2017,"United States",7,"Western Gulf of Alaska",30576,"Shortraker rockfish",0.585296613587606,5253.03710694877,7419.72603077297
"1057",2018,"United States",2,"Bering Sea",20510,"Sablefish",3.81268763525152,105559.940907089,151188.160320242
"1058",2018,"United States",2,"Bering Sea",10120,"Pacific halibut",0.682691825731929,13602.7154504365,NA
"1059",2018,"United States",2,"Bering Sea",21230,"Giant grenadier",5.71350148076389,144263.933235776,584226.38191997
"1060",2018,"United States",2,"Bering Sea",21720,"Pacific cod",0.938010705425697,25972.2444261922,105447.829650411
"1061",2018,"United States",2,"Bering Sea",30020,"Shortspine thornyhead",0.73972673834644,21264.4715976364,25733.7462475614
"1062",2018,"United States",2,"Bering Sea",30050,"Rougheye rockfish",0.114117433374397,2474.92319711753,3225.61738302992
"1063",2018,"United States",2,"Bering Sea",30576,"Shortraker rockfish",0.415965486534153,11055.7228067145,18794.9488336841
"1064",2018,"United States",1,"Aleutians",10120,"Pacific halibut",0.442746431539356,22182.3554737151,0
"1065",2018,"United States",1,"Aleutians",20510,"Sablefish",3.54355540016095,177539.83381488,339429.704433564
"1066",2018,"United States",1,"Aleutians",21230,"Giant grenadier",13.2641119302377,664562.09302537,2219835.84695834
"1067",2018,"United States",1,"Aleutians",21720,"Pacific cod",2.0348245326284,101952.101126976,257538.764150643
"1068",2018,"United States",1,"Aleutians",30020,"Shortspine thornyhead",1.85437821058361,92915.2975482811,98467.8525662755
"1069",2018,"United States",1,"Aleutians",30050,"Rougheye rockfish",0.716851639943625,35920.15437762,34843.7062158949
"1070",2018,"United States",1,"Aleutians",30576,"Shortraker rockfish",0.388802275336309,19481.237067465,17659.7361485726
"1071",2018,"United States",3,"Central Gulf of Alaska",10120,"Pacific halibut",0.38749446400656,6711.30709315074,0
"1072",2018,"United States",3,"Central Gulf of Alaska",20510,"Sablefish",7.48475222682803,124499.304982122,303623.445079688
"1073",2018,"United States",3,"Central Gulf of Alaska",21230,"Giant grenadier",8.16186558419879,133162.381347221,388440.894445646
"1074",2018,"United States",3,"Central Gulf of Alaska",21720,"Pacific cod",0.0713285931745406,1221.17885673404,3892.84287622958
"1075",2018,"United States",3,"Central Gulf of Alaska",30020,"Shortspine thornyhead",1.80524323012216,30255.6805916987,19027.5237240117
"1076",2018,"United States",3,"Central Gulf of Alaska",30050,"Rougheye rockfish",0.328709803967185,5631.47169792433,7768.93951928992
"1077",2018,"United States",3,"Central Gulf of Alaska",30576,"Shortraker rockfish",0.218232015340208,3821.34994429377,6042.04095168523
"1078",2018,"United States",4,"East Yakutat/Southeast",10120,"Pacific halibut",0.532438736254546,4991.07269537176,0
"1079",2018,"United States",4,"East Yakutat/Southeast",20510,"Sablefish",7.70167534403753,78552.5870825837,173286.890246075
"1080",2018,"United States",4,"East Yakutat/Southeast",21230,"Giant grenadier",0.669355795747905,9554.96911953635,28702.9370455325
"1081",2018,"United States",4,"East Yakutat/Southeast",21720,"Pacific cod",0.182575447697652,1943.06881398324,6534.4339154378
"1082",2018,"United States",4,"East Yakutat/Southeast",30020,"Shortspine thornyhead",1.68085644821121,18818.1234112539,12848.2373544729
"1083",2018,"United States",4,"East Yakutat/Southeast",30050,"Rougheye rockfish",0.462222715556228,7858.41914480395,13846.9590707302
"1084",2018,"United States",4,"East Yakutat/Southeast",30576,"Shortraker rockfish",0.289688716691849,2964.57132395901,4912.74109507238
"1085",2018,"United States",6,"West Yakutat",10120,"Pacific halibut",1.20060560454468,6694.57685094112,0
"1086",2018,"United States",6,"West Yakutat",20510,"Sablefish",4.2474136158256,23683.5783218435,71473.9475158189
"1087",2018,"United States",6,"West Yakutat",21230,"Giant grenadier",2.55897026120182,14268.8181764613,37007.3442991165
"1088",2018,"United States",6,"West Yakutat",21720,"Pacific cod",0.108104589881962,602.791193181818,2136.83215908785
"1089",2018,"United States",6,"West Yakutat",30020,"Shortspine thornyhead",2.85912510329645,15942.481575981,9555.16289945599
"1090",2018,"United States",6,"West Yakutat",30050,"Rougheye rockfish",0.495273095716976,2761.64278171786,3271.12970259751
"1091",2018,"United States",6,"West Yakutat",30576,"Shortraker rockfish",0.667084163021469,3719.66129300771,7229.49204855248
"1092",2018,"United States",7,"Western Gulf of Alaska",10120,"Pacific halibut",0.158175277927852,1419.62311940247,0
"1093",2018,"United States",7,"Western Gulf of Alaska",20510,"Sablefish",9.59474846302273,86112.867455629,185928.655432775
"1094",2018,"United States",7,"Western Gulf of Alaska",21230,"Giant grenadier",12.4940575651189,112134.166646942,310408.364187542
"1095",2018,"United States",7,"Western Gulf of Alaska",21720,"Pacific cod",0.0643853529398251,577.858542634931,1635.39564551106
"1096",2018,"United States",7,"Western Gulf of Alaska",30020,"Shortspine thornyhead",2.04782869951643,18379.26257816,12143.0190252868
"1097",2018,"United States",7,"Western Gulf of Alaska",30050,"Rougheye rockfish",0.879210745430716,7890.91644024068,9960.86422623227
"1098",2018,"United States",7,"Western Gulf of Alaska",30576,"Shortraker rockfish",0.379632284256351,3407.19975120075,4382.55843227584
"1099",2019,"United States",1,"Aleutians",20510,"Sablefish",4.71686714647943,239670.231529722,418810.446295681
"1100",2019,"United States",1,"Aleutians",10120,"Pacific halibut",0.468309640373632,25926.3252584763,NA
"1101",2019,"United States",1,"Aleutians",21230,"Giant grenadier",14.8603333454957,756936.33505999,2592484.2014987
"1102",2019,"United States",1,"Aleutians",21720,"Pacific cod",0.822191741744247,36832.5313336547,78014.6667086253
"1103",2019,"United States",1,"Aleutians",30020,"Shortspine thornyhead",1.72732122816326,88608.6147529828,98411.6221721254
"1104",2019,"United States",1,"Aleutians",30050,"Rougheye rockfish",0.918633591338797,46160.9269356226,44491.4788843901
"1105",2019,"United States",1,"Aleutians",30576,"Shortraker rockfish",0.417209776144532,20383.6917148339,19753.1463155816
"1106",2019,"United States",2,"Bering Sea",10120,"Pacific halibut",0.628561095488367,12808.3541196084,0
"1107",2019,"United States",2,"Bering Sea",20510,"Sablefish",9.08675962393465,218122.827125429,426492.170913019
"1108",2019,"United States",2,"Bering Sea",21230,"Giant grenadier",5.60806722627872,119540.668217408,443809.283346942
"1109",2019,"United States",2,"Bering Sea",21720,"Pacific cod",2.30356559767882,48072.1241894549,219502.502367817
"1110",2019,"United States",2,"Bering Sea",30020,"Shortspine thornyhead",0.844181439144029,22093.1522804052,26026.8404409681
"1111",2019,"United States",2,"Bering Sea",30050,"Rougheye rockfish",0.86786461890733,18332.7932251872,44155.3797038345
"1112",2019,"United States",2,"Bering Sea",30576,"Shortraker rockfish",0.727099426259002,17125.3525426703,34046.1337243823
"1113",2019,"United States",3,"Central Gulf of Alaska",10120,"Pacific halibut",0.524381617541242,9255.88490973606,0
"1114",2019,"United States",3,"Central Gulf of Alaska",20510,"Sablefish",9.35945171706942,158436.307751772,335881.991008712
"1115",2019,"United States",3,"Central Gulf of Alaska",21230,"Giant grenadier",9.93946796291714,161364.474209608,483905.897113374
"1116",2019,"United States",3,"Central Gulf of Alaska",21720,"Pacific cod",0.018136915453794,302.215987425811,785.291816911166
"1117",2019,"United States",3,"Central Gulf of Alaska",30020,"Shortspine thornyhead",1.75265280054786,29527.4788435778,19139.4638217357
"1118",2019,"United States",3,"Central Gulf of Alaska",30050,"Rougheye rockfish",0.487696472897886,8498.53988376831,11741.5850992413
"1119",2019,"United States",3,"Central Gulf of Alaska",30576,"Shortraker rockfish",0.206595962028569,3640.45716889972,5696.05062219043
"1120",2019,"United States",4,"East Yakutat/Southeast",10120,"Pacific halibut",0.567072056040425,5943.77801390461,0
"1121",2019,"United States",4,"East Yakutat/Southeast",20510,"Sablefish",10.6964778798715,123553.82485296,276394.070365286
"1122",2019,"United States",4,"East Yakutat/Southeast",21230,"Giant grenadier",0.786235349695343,12101.5312158844,38209.5984885644
"1123",2019,"United States",4,"East Yakutat/Southeast",21720,"Pacific cod",0.0608170222927491,716.137334881896,1971.76392524138
"1124",2019,"United States",4,"East Yakutat/Southeast",30020,"Shortspine thornyhead",1.25453246521689,14757.8345383165,10279.2855348787
"1125",2019,"United States",4,"East Yakutat/Southeast",30050,"Rougheye rockfish",0.456565545029518,7542.73507121474,14579.7063488959
"1126",2019,"United States",4,"East Yakutat/Southeast",30576,"Shortraker rockfish",0.289024574317067,2740.5110162567,5127.7543030109
"1127",2019,"United States",6,"West Yakutat",10120,"Pacific halibut",1.14001088440098,6356.70069141987,0
"1128",2019,"United States",6,"West Yakutat",20510,"Sablefish",7.78303856429287,43398.223034497,116892.304822871
"1129",2019,"United States",6,"West Yakutat",21230,"Giant grenadier",3.18692586389263,17770.2986170653,56168.2060696084
"1130",2019,"United States",6,"West Yakutat",21720,"Pacific cod",0.084242605719284,469.736769490727,1322.07986045194
"1131",2019,"United States",6,"West Yakutat",30020,"Shortspine thornyhead",2.33366329719569,13012.5065451632,8169.98162644546
"1132",2019,"United States",6,"West Yakutat",30050,"Rougheye rockfish",0.425489547953913,2372.52971939102,3124.8659240034
"1133",2019,"United States",6,"West Yakutat",30576,"Shortraker rockfish",0.690736863428378,3851.54875047664,7570.40363310066
"1134",2019,"United States",7,"Western Gulf of Alaska",10120,"Pacific halibut",0.178817482888999,1604.88690892876,0
"1135",2019,"United States",7,"Western Gulf of Alaska",20510,"Sablefish",10.8013197318662,96941.8445934993,176874.697749439
"1136",2019,"United States",7,"Western Gulf of Alaska",21230,"Giant grenadier",12.8458833254068,115291.802845526,314624.001937968
"1137",2019,"United States",7,"Western Gulf of Alaska",21720,"Pacific cod",0.00909232297012897,81.6035986569075,222.234803356372
"1138",2019,"United States",7,"Western Gulf of Alaska",30020,"Shortspine thornyhead",2.47713558091644,22232.2918387251,15954.6184421343
"1139",2019,"United States",7,"Western Gulf of Alaska",30050,"Rougheye rockfish",1.40519390024543,12611.6152547027,15050.6669484775
"1140",2019,"United States",7,"Western Gulf of Alaska",30576,"Shortraker rockfish",0.481867995781609,4324.76526213994,6847.72830000503
"1141",2020,"United States",2,"Bering Sea",20510,"Sablefish",11.083100660764,275250.689856257,611313.432693569
"1142",2020,"United States",2,"Bering Sea",10120,"Pacific halibut",0.582884741079964,11123.981093989,NA
"1143",2020,"United States",2,"Bering Sea",21230,"Giant grenadier",3.2205708518326,66121.7767702938,234732.286669639
"1144",2020,"United States",2,"Bering Sea",21720,"Pacific cod",3.14677487796118,71680.6612862489,354210.923434362
"1145",2020,"United States",2,"Bering Sea",30020,"Shortspine thornyhead",0.483929475889259,13477.2332198747,19600.81143443
"1146",2020,"United States",2,"Bering Sea",30050,"Rougheye rockfish",0.450321577095556,9949.24860015065,28788.26035718
"1147",2020,"United States",2,"Bering Sea",30576,"Shortraker rockfish",0.749395659222795,15825.6685504339,32832.2783120106
"1148",2020,"United States",1,"Aleutians",10120,"Pacific halibut",0.398771649338468,19981.2624158097,0
"1149",2020,"United States",1,"Aleutians",20510,"Sablefish",7.33012293284325,367261.834879776,674784.578511886
"1150",2020,"United States",1,"Aleutians",21230,"Giant grenadier",9.54541801316919,478230.571440324,1703857.65660152
"1151",2020,"United States",1,"Aleutians",21720,"Pacific cod",1.04420529629346,52318.4703316669,147676.213422812
"1152",2020,"United States",1,"Aleutians",30020,"Shortspine thornyhead",1.39419189761767,69859.213597683,81986.0914448976
"1153",2020,"United States",1,"Aleutians",30050,"Rougheye rockfish",0.770298980346784,38599.3753165422,41750.1908167866
"1154",2020,"United States",1,"Aleutians",30576,"Shortraker rockfish",0.384440526053168,19263.9387688072,17711.6612521439
"1155",2020,"United States",3,"Central Gulf of Alaska",10120,"Pacific halibut",0.286746787744988,4985.19311185816,0
"1156",2020,"United States",3,"Central Gulf of Alaska",20510,"Sablefish",14.3355148841374,236968.63046706,580887.292732525
"1157",2020,"United States",3,"Central Gulf of Alaska",21230,"Giant grenadier",4.7290884259142,78041.6850618522,220876.94932509
"1158",2020,"United States",3,"Central Gulf of Alaska",21720,"Pacific cod",0.0149707013686987,249.353802777382,839.948458344597
"1159",2020,"United States",3,"Central Gulf of Alaska",30020,"Shortspine thornyhead",1.31466191453756,21952.6045063359,18435.8577478419
"1160",2020,"United States",3,"Central Gulf of Alaska",30050,"Rougheye rockfish",0.151614801709235,2626.85076072729,4028.82546925914
"1161",2020,"United States",3,"Central Gulf of Alaska",30576,"Shortraker rockfish",0.157831242161666,2748.68546451045,4173.78179910956
"1162",2020,"United States",4,"East Yakutat/Southeast",10120,"Pacific halibut",1.01357338641986,9507.06094041078,0
"1163",2020,"United States",4,"East Yakutat/Southeast",20510,"Sablefish",11.0892597744287,126281.592577295,316689.276730141
"1164",2020,"United States",4,"East Yakutat/Southeast",21230,"Giant grenadier",0.595264089792954,8268.20185991209,28490.9760544668
"1165",2020,"United States",4,"East Yakutat/Southeast",21720,"Pacific cod",0.11394417489014,1481.64959295991,4408.32708589713
"1166",2020,"United States",4,"East Yakutat/Southeast",30020,"Shortspine thornyhead",1.07047934958352,11556.0850830492,9428.64546343092
"1167",2020,"United States",4,"East Yakutat/Southeast",30050,"Rougheye rockfish",0.495011906502615,8091.16906895417,16245.6961187437
"1168",2020,"United States",4,"East Yakutat/Southeast",30576,"Shortraker rockfish",0.346080273331396,3265.04043479434,5983.7269998413
"1169",2020,"United States",6,"West Yakutat",10120,"Pacific halibut",0.813996207763495,4538.84285448925,0
"1170",2020,"United States",6,"West Yakutat",20510,"Sablefish",7.38703310738924,41190.0966068024,117765.994073533
"1171",2020,"United States",6,"West Yakutat",21230,"Giant grenadier",2.02699283827226,11302.5120662061,28785.5686743977
"1172",2020,"United States",6,"West Yakutat",21720,"Pacific cod",0.101711510465018,567.143382352941,1550.74949032823
"1173",2020,"United States",6,"West Yakutat",30020,"Shortspine thornyhead",1.12100607507453,6250.7298746156,3801.94819677381
"1174",2020,"United States",6,"West Yakutat",30050,"Rougheye rockfish",0.294165985816733,1640.26953691411,2274.87635546652
"1175",2020,"United States",6,"West Yakutat",30576,"Shortraker rockfish",1.02090863952191,5692.58657397416,11627.9462958586
"1176",2020,"United States",7,"Western Gulf of Alaska",10120,"Pacific halibut",0.120814989400954,1084.31452987356,0
"1177",2020,"United States",7,"Western Gulf of Alaska",20510,"Sablefish",14.317666106348,128501.053304474,283336.130620127
"1178",2020,"United States",7,"Western Gulf of Alaska",21230,"Giant grenadier",8.01539008710764,71938.126031791,194108.5223522
"1179",2020,"United States",7,"Western Gulf of Alaska",21720,"Pacific cod",0.00472800353070145,42.4338316880455,142.091203711326
"1180",2020,"United States",7,"Western Gulf of Alaska",30020,"Shortspine thornyhead",0.975534908039134,8755.42579965123,8657.04072045056
"1181",2020,"United States",7,"Western Gulf of Alaska",30050,"Rougheye rockfish",0.499083746877221,4479.27662822306,6461.47620599272
"1182",2020,"United States",7,"Western Gulf of Alaska",30576,"Shortraker rockfish",0.194560750656782,1746.18273714462,2556.52460764997
"1183",2021,"United States",1,"Aleutians",20510,"Sablefish",7.38265361696879,358641.488425323,664226.755005942
"1184",2021,"United States",1,"Aleutians",10120,"Pacific halibut",0.30743847093924,16658.4522417232,NA
"1185",2021,"United States",1,"Aleutians",21230,"Giant grenadier",11.1048434126819,545358.598238663,2255878.45432371
"1186",2021,"United States",1,"Aleutians",21720,"Pacific cod",2.09796675405546,128058.407058352,391408.839562256
"1187",2021,"United States",1,"Aleutians",30020,"Shortspine thornyhead",1.14443668143,55463.2337567571,68184.1012500787
"1188",2021,"United States",1,"Aleutians",30050,"Rougheye rockfish",1.02775407813307,46594.9006994961,48908.5163008823
"1189",2021,"United States",1,"Aleutians",30576,"Shortraker rockfish",0.509455480833062,25742.9174383219,25715.0388421849
"1190",2021,"United States",2,"Bering Sea",10120,"Pacific halibut",0.322534242305977,7326.98292649045,0
"1191",2021,"United States",2,"Bering Sea",20510,"Sablefish",15.6532084766313,405576.197908769,915848.684447859
"1192",2021,"United States",2,"Bering Sea",21230,"Giant grenadier",3.42926533761899,68005.3307153741,311876.160075464
"1193",2021,"United States",2,"Bering Sea",21720,"Pacific cod",1.35867820433616,34449.0480324409,138590.489887099
"1194",2021,"United States",2,"Bering Sea",30020,"Shortspine thornyhead",0.66813231316438,16478.1265207587,25024.0499710993
"1195",2021,"United States",2,"Bering Sea",30050,"Rougheye rockfish",0.545751966618313,11058.7884797879,19120.3982060723
"1196",2021,"United States",2,"Bering Sea",30576,"Shortraker rockfish",0.436134851297861,9834.7149979224,17130.2088021977
"1197",2021,"United States",3,"Central Gulf of Alaska",10120,"Pacific halibut",0.317495998026788,5542.98432621646,0
"1198",2021,"United States",3,"Central Gulf of Alaska",20510,"Sablefish",13.2924393473435,221018.320777423,534889.428035137
"1199",2021,"United States",3,"Central Gulf of Alaska",21230,"Giant grenadier",5.13293820778314,82572.1937712983,273529.180585436
"1200",2021,"United States",3,"Central Gulf of Alaska",21720,"Pacific cod",0.0767753422030988,1372.25399943782,4346.68969321889
"1201",2021,"United States",3,"Central Gulf of Alaska",30020,"Shortspine thornyhead",1.02501759417857,16986.4750944404,16148.2591656092
"1202",2021,"United States",3,"Central Gulf of Alaska",30050,"Rougheye rockfish",0.171618927382204,2990.25818417218,4361.36882988951
"1203",2021,"United States",3,"Central Gulf of Alaska",30576,"Shortraker rockfish",0.189254629490548,3323.55984354573,5966.97782387512
"1204",2021,"United States",4,"East Yakutat/Southeast",10120,"Pacific halibut",0.691346777520493,6813.48778788073,0
"1205",2021,"United States",4,"East Yakutat/Southeast",20510,"Sablefish",10.6282997103438,117501.406705692,302161.857337273
"1206",2021,"United States",4,"East Yakutat/Southeast",21230,"Giant grenadier",0.857683798901478,10691.7151497983,39152.6371112389
"1207",2021,"United States",4,"East Yakutat/Southeast",21720,"Pacific cod",0.197648553140952,2880.81215732136,7994.32958717596
"1208",2021,"United States",4,"East Yakutat/Southeast",30020,"Shortspine thornyhead",0.744536302274204,8307.43150289818,6579.55129635824
"1209",2021,"United States",4,"East Yakutat/Southeast",30050,"Rougheye rockfish",0.461598444820054,7564.38679577755,15337.0052627923
"1210",2021,"United States",4,"East Yakutat/Southeast",30576,"Shortraker rockfish",0.379368360779583,3956.63351427087,7393.94855539686
"1211",2021,"United States",6,"West Yakutat",10120,"Pacific halibut",0.587696941545725,3276.99814605897,0
"1212",2021,"United States",6,"West Yakutat",20510,"Sablefish",8.6546675584499,48258.4263059167,143424.874075019
"1213",2021,"United States",6,"West Yakutat",21230,"Giant grenadier",1.9405390912212,10820.4459726494,37251.5314560834
"1214",2021,"United States",6,"West Yakutat",21720,"Pacific cod",0.0897565522147762,500.482535149592,1638.40983219715
"1215",2021,"United States",6,"West Yakutat",30020,"Shortspine thornyhead",1.15103694048252,6418.18198013055,4476.89958919784
"1216",2021,"United States",6,"West Yakutat",30050,"Rougheye rockfish",0.526117695852356,2933.63227207274,4970.50453159449
"1217",2021,"United States",6,"West Yakutat",30576,"Shortraker rockfish",1.36787775865443,7627.2863822571,17415.8465631662
"1218",2021,"United States",7,"Western Gulf of Alaska",10120,"Pacific halibut",0.126665461333696,1136.82251546992,0
"1219",2021,"United States",7,"Western Gulf of Alaska",20510,"Sablefish",14.8918165037123,133654.053120818,297883.130738417
"1220",2021,"United States",7,"Western Gulf of Alaska",21230,"Giant grenadier",9.94602255208761,89265.5524049863,275333.499564563
"1221",2021,"United States",7,"Western Gulf of Alaska",21720,"Pacific cod",0.108682204955711,975.422789477504,4417.67214781135
"1222",2021,"United States",7,"Western Gulf of Alaska",30020,"Shortspine thornyhead",0.758243882311952,6805.23884374977,6330.50331967917
"1223",2021,"United States",7,"Western Gulf of Alaska",30050,"Rougheye rockfish",0.761787667279217,6837.04431383097,9316.08727607889
"1224",2021,"United States",7,"Western Gulf of Alaska",30576,"Shortraker rockfish",0.341999998712655,3069.44998844608,4564.62979970446
"1225",2022,"United States",2,"Bering Sea",20510,"Sablefish",18.4585079146182,481016.739872396,1121055.11913031
"1226",2022,"United States",2,"Bering Sea",10120,"Pacific halibut",0.151050695139651,3694.81710091389,NA
"1227",2022,"United States",2,"Bering Sea",21230,"Giant grenadier",2.47056958556693,49880.6141127923,212538.559055479
"1228",2022,"United States",2,"Bering Sea",21720,"Pacific cod",1.03406324698921,21146.2876606016,48750.463408109
"1229",2022,"United States",2,"Bering Sea",30020,"Shortspine thornyhead",0.977774501219519,22706.5584299362,31675.16298863
"1230",2022,"United States",2,"Bering Sea",30050,"Rougheye rockfish",0.55312816130642,11936.0278570094,19552.113328661
"1231",2022,"United States",2,"Bering Sea",30576,"Shortraker rockfish",0.362643979301189,7907.57837998538,13054.965167447
"1232",2022,"United States",1,"Aleutians",10120,"Pacific halibut",0.213072699755972,10675.6160152774,0
"1233",2022,"United States",1,"Aleutians",20510,"Sablefish",8.13585599582189,407632.617179076,863338.438847994
"1234",2022,"United States",1,"Aleutians",21230,"Giant grenadier",6.56438001080498,328894.233915296,1211670.37253974
"1235",2022,"United States",1,"Aleutians",21720,"Pacific cod",0.623600217491227,31243.7457160188,88068.5808379218
"1236",2022,"United States",1,"Aleutians",30020,"Shortspine thornyhead",1.70673128728844,85520.0958965375,82019.3953340842
"1237",2022,"United States",1,"Aleutians",30050,"Rougheye rockfish",0.55039164287426,27578.2643347614,28330.5892028784
"1238",2022,"United States",1,"Aleutians",30576,"Shortraker rockfish",0.195920432238219,9817.03019725849,9879.07765133733
"1239",2022,"United States",3,"Central Gulf of Alaska",10120,"Pacific halibut",0.220024609926196,3761.19610441057,0
"1240",2022,"United States",3,"Central Gulf of Alaska",20510,"Sablefish",15.517259439405,259965.266191053,652359.557803376
"1241",2022,"United States",3,"Central Gulf of Alaska",21230,"Giant grenadier",4.00491768123485,64778.2343416955,194062.597471807
"1242",2022,"United States",3,"Central Gulf of Alaska",21720,"Pacific cod",0.00627819176459682,101.207999440206,296.673553561148
"1243",2022,"United States",3,"Central Gulf of Alaska",30020,"Shortspine thornyhead",1.19771693941264,19846.697586878,15973.2126038646
"1244",2022,"United States",3,"Central Gulf of Alaska",30050,"Rougheye rockfish",0.311753250886888,5429.54964246032,7574.45078485408
"1245",2022,"United States",3,"Central Gulf of Alaska",30576,"Shortraker rockfish",0.180617835915031,3180.48606531903,5172.49801566079
"1246",2022,"United States",4,"East Yakutat/Southeast",10120,"Pacific halibut",0.26597198369806,2791.27332528561,0
"1247",2022,"United States",4,"East Yakutat/Southeast",20510,"Sablefish",11.9813835870647,140203.671268528,350254.262670911
"1248",2022,"United States",4,"East Yakutat/Southeast",21230,"Giant grenadier",0.309380498584326,4855.12952861349,15622.5986543852
"1249",2022,"United States",4,"East Yakutat/Southeast",21720,"Pacific cod",0.257629732250749,2843.78710768302,3910.69049133105
"1250",2022,"United States",4,"East Yakutat/Southeast",30020,"Shortspine thornyhead",1.33754778105241,14312.3420915148,11567.9319527508
"1251",2022,"United States",4,"East Yakutat/Southeast",30050,"Rougheye rockfish",0.493984429528247,8175.02513964191,15272.0005421988
"1252",2022,"United States",4,"East Yakutat/Southeast",30576,"Shortraker rockfish",0.331714587152164,3171.32463823241,5585.14132151197
"1253",2022,"United States",6,"West Yakutat",10120,"Pacific halibut",0.287379212283493,1602.42648769276,0
"1254",2022,"United States",6,"West Yakutat",20510,"Sablefish",11.3266140540327,63157.1999652865,200495.462619098
"1255",2022,"United States",6,"West Yakutat",21230,"Giant grenadier",1.37879952007662,7688.18612394726,25874.1008660806
"1256",2022,"United States",6,"West Yakutat",21720,"Pacific cod",0.0852358473877356,475.275085034014,1909.71798220553
"1257",2022,"United States",6,"West Yakutat",30020,"Shortspine thornyhead",1.95592806266725,10906.2548774326,8519.97691306087
"1258",2022,"United States",6,"West Yakutat",30050,"Rougheye rockfish",0.56209593607413,3134.24693954935,5079.76137872853
"1259",2022,"United States",6,"West Yakutat",30576,"Shortraker rockfish",1.26596538438709,7059.02298334244,14742.2064716612
"1260",2022,"United States",7,"Western Gulf of Alaska",10120,"Pacific halibut",0.0336434370992327,301.949847965613,0
"1261",2022,"United States",7,"Western Gulf of Alaska",20510,"Sablefish",17.1488337872411,153910.783240489,361681.113711763
"1262",2022,"United States",7,"Western Gulf of Alaska",21230,"Giant grenadier",7.18628661509395,64496.9223704682,190549.947841908
"1263",2022,"United States",7,"Western Gulf of Alaska",21720,"Pacific cod",0.0107426890395654,96.4156341300994,354.265411973957
"1264",2022,"United States",7,"Western Gulf of Alaska",30020,"Shortspine thornyhead",0.892577335161679,8010.88158307606,6387.37709897154
"1265",2022,"United States",7,"Western Gulf of Alaska",30050,"Rougheye rockfish",0.579254348806774,5198.8077805408,6826.0920105189
"1266",2022,"United States",7,"Western Gulf of Alaska",30576,"Shortraker rockfish",0.116264334289292,1043.4724002464,1433.90538444952
"1267",2023,"United States",1,"Aleutians",20510,"Sablefish",8.26529366580584,421650.121238312,829290.912412324
"1268",2023,"United States",1,"Aleutians",10120,"Pacific halibut",0.219953148396177,10768.2468370994,NA
"1269",2023,"United States",1,"Aleutians",21230,"Giant grenadier",6.5627522866662,333477.086432954,1047849.83110377
"1270",2023,"United States",1,"Aleutians",21720,"Pacific cod",0.457799970422599,26230.53387693,154128.368045699
"1271",2023,"United States",1,"Aleutians",30020,"Shortspine thornyhead",1.06676866748377,54535.6360625059,49312.7887414764
"1272",2023,"United States",1,"Aleutians",30050,"Rougheye rockfish",0.411388717795519,20087.1303944165,19404.2188746435
"1273",2023,"United States",1,"Aleutians",30576,"Shortraker rockfish",0.212536266975706,10727.5564691445,9903.07472930526
"1274",2023,"United States",2,"Bering Sea",10120,"Pacific halibut",0.149395177287988,3472.77912935968,0
"1275",2023,"United States",2,"Bering Sea",20510,"Sablefish",16.4041059010882,442355.955525492,962495.760236742
"1276",2023,"United States",2,"Bering Sea",21230,"Giant grenadier",2.69180044623036,62664.8155411332,215116.300935813
"1277",2023,"United States",2,"Bering Sea",21720,"Pacific cod",1.12651593776853,27256.7843572914,86162.858193944
"1278",2023,"United States",2,"Bering Sea",30020,"Shortspine thornyhead",0.240932201898901,7325.59932936316,9548.81765328761
"1279",2023,"United States",2,"Bering Sea",30050,"Rougheye rockfish",0.47377910127266,8712.87307866851,17163.6485574964
"1280",2023,"United States",2,"Bering Sea",30576,"Shortraker rockfish",0.635141911321864,9368.21239851784,16548.9283969064
"1281",2023,"United States",3,"Central Gulf of Alaska",10120,"Pacific halibut",0.129197973453309,2179.91836728875,0
"1282",2023,"United States",3,"Central Gulf of Alaska",20510,"Sablefish",17.2097437134005,288449.661928266,686102.474576667
"1283",2023,"United States",3,"Central Gulf of Alaska",21230,"Giant grenadier",4.44243694749698,71256.8503171873,195585.547730226
"1284",2023,"United States",3,"Central Gulf of Alaska",21720,"Pacific cod",0.0109243247486583,189.560337551931,790.279767044199
"1285",2023,"United States",3,"Central Gulf of Alaska",30020,"Shortspine thornyhead",0.777477125929509,12997.7001528357,10508.3263733428
"1286",2023,"United States",3,"Central Gulf of Alaska",30050,"Rougheye rockfish",0.22366811167091,3842.93520282508,5318.57405118389
"1287",2023,"United States",3,"Central Gulf of Alaska",30576,"Shortraker rockfish",0.118250430987618,2057.12272729199,3171.2353160475
"1288",2023,"United States",4,"East Yakutat/Southeast",10120,"Pacific halibut",0.44311613075514,4743.6427814186,0
"1289",2023,"United States",4,"East Yakutat/Southeast",20510,"Sablefish",13.0889810573636,149585.305114011,354223.212719781
"1290",2023,"United States",4,"East Yakutat/Southeast",21230,"Giant grenadier",0.401989630651255,5787.32883440064,15401.2626060653
"1291",2023,"United States",4,"East Yakutat/Southeast",21720,"Pacific cod",0.148973594491257,2095.33728148318,7421.60944270533
"1292",2023,"United States",4,"East Yakutat/Southeast",30020,"Shortspine thornyhead",0.684589430880681,7665.09764890799,6141.65839071077
"1293",2023,"United States",4,"East Yakutat/Southeast",30050,"Rougheye rockfish",0.359855120444727,5443.63433800332,9958.16494157162
"1294",2023,"United States",4,"East Yakutat/Southeast",30576,"Shortraker rockfish",0.406913409538648,4220.33409516894,6778.98177173968
"1295",2023,"United States",6,"West Yakutat",10120,"Pacific halibut",0.215858427050854,1203.62658923556,0
"1296",2023,"United States",6,"West Yakutat",20510,"Sablefish",11.1802287750925,62340.9556499157,175871.826547079
"1297",2023,"United States",6,"West Yakutat",21230,"Giant grenadier",1.56948333324178,8751.43906615615,26479.3671901188
"1298",2023,"United States",6,"West Yakutat",21720,"Pacific cod",0.0790245387234717,440.640827922078,2440.96630814884
"1299",2023,"United States",6,"West Yakutat",30020,"Shortspine thornyhead",1.14614037438212,6390.87872755467,4382.65799067879
"1300",2023,"United States",6,"West Yakutat",30050,"Rougheye rockfish",0.333187203933896,1857.8518491354,2886.58734700475
"1301",2023,"United States",6,"West Yakutat",30576,"Shortraker rockfish",1.24005191133875,6914.52945762486,13560.7032323907
"1302",2023,"United States",7,"Western Gulf of Alaska",10120,"Pacific halibut",0.0449066174020705,403.036891183583,0
"1303",2023,"United States",7,"Western Gulf of Alaska",20510,"Sablefish",15.3856589713742,138086.289268083,286882.156317041
"1304",2023,"United States",7,"Western Gulf of Alaska",21230,"Giant grenadier",6.46228079130009,57998.9701019183,131032.145408864
"1305",2023,"United States",7,"Western Gulf of Alaska",21720,"Pacific cod",0.0252788786059919,226.877935488777,672.616180986436
"1306",2023,"United States",7,"Western Gulf of Alaska",30020,"Shortspine thornyhead",0.756843746618819,6792.6726259039,4488.80657785885
"1307",2023,"United States",7,"Western Gulf of Alaska",30050,"Rougheye rockfish",0.538635101711872,4834.25003786405,5639.26111383516
"1308",2023,"United States",7,"Western Gulf of Alaska",30576,"Shortraker rockfish",0.290022492352833,2602.95186886668,3488.25513133747
"1309",2025,"United States",3,"Central Gulf of Alaska",10120,"Pacific halibut",0.128331027636062,2249.46936268254,0
"1310",2025,"United States",3,"Central Gulf of Alaska",20510,"Sablefish",16.7957187323289,279401.534241028,690848.633778546
"1311",2025,"United States",3,"Central Gulf of Alaska",21230,"Giant grenadier",2.77655253095174,46264.7825854585,141544.74959687
"1312",2025,"United States",3,"Central Gulf of Alaska",21720,"Pacific cod",0.0199150703908729,342.269833557664,1075.01580743762
"1313",2025,"United States",3,"Central Gulf of Alaska",30020,"Shortspine thornyhead",0.76045826025541,12520.2357631139,11103.0087477784
"1314",2025,"United States",3,"Central Gulf of Alaska",30050,"Rougheye rockfish",0.174068325468099,2933.97679187239,4379.25552939793
"1315",2025,"United States",3,"Central Gulf of Alaska",30576,"Shortraker rockfish",0.0841383846170914,1468.57287056884,2463.72023340887
"1316",2025,"United States",4,"East Yakutat/Southeast",10120,"Pacific halibut",0.366482192275152,4048.98902369525,0
"1317",2025,"United States",4,"East Yakutat/Southeast",20510,"Sablefish",13.0894500546869,155164.316108379,428942.777767811
"1318",2025,"United States",4,"East Yakutat/Southeast",21230,"Giant grenadier",0.237811192311129,2693.18765888794,9935.65814316065
"1319",2025,"United States",4,"East Yakutat/Southeast",21720,"Pacific cod",0.0688701802795534,659.345915309753,1791.03512732978
"1320",2025,"United States",4,"East Yakutat/Southeast",30020,"Shortspine thornyhead",0.569790780151258,5987.80985830352,4867.44370584364
"1321",2025,"United States",4,"East Yakutat/Southeast",30050,"Rougheye rockfish",0.339273625508514,6158.65788627055,12438.2288137815
"1322",2025,"United States",4,"East Yakutat/Southeast",30576,"Shortraker rockfish",0.163927509059346,1829.0929241674,3507.81279218276
"1323",2025,"United States",6,"West Yakutat",10120,"Pacific halibut",0.29371851471311,1637.7744380403,0
"1324",2025,"United States",6,"West Yakutat",20510,"Sablefish",12.8465962421019,71632.6206459601,211929.308125387
"1325",2025,"United States",6,"West Yakutat",21230,"Giant grenadier",0.767778486526767,4281.13284087326,12240.6239471244
"1326",2025,"United States",6,"West Yakutat",21720,"Pacific cod",0.125936578297879,702.222360588972,2695.86556018137
"1327",2025,"United States",6,"West Yakutat",30020,"Shortspine thornyhead",0.779902399125796,4348.73577752544,3035.79308094635
"1328",2025,"United States",6,"West Yakutat",30050,"Rougheye rockfish",0.314502919066276,1753.66827671355,2783.53538165211
"1329",2025,"United States",6,"West Yakutat",30576,"Shortraker rockfish",0.844715271875859,4710.13235597979,9857.88631240917
"1330",2025,"United States",7,"Western Gulf of Alaska",10120,"Pacific halibut",0.0768505026093141,689.733260918594,0
"1331",2025,"United States",7,"Western Gulf of Alaska",20510,"Sablefish",18.0754012608306,162226.726315954,375928.293947342
"1332",2025,"United States",7,"Western Gulf of Alaska",21230,"Giant grenadier",3.80517714765398,34151.4649001945,99233.432770371
"1333",2025,"United States",7,"Western Gulf of Alaska",21720,"Pacific cod",0.0354652656371642,318.300759093549,1206.74204578858
"1334",2025,"United States",7,"Western Gulf of Alaska",30020,"Shortspine thornyhead",0.893517083517701,8019.31582457137,6224.38709524609
"1335",2025,"United States",7,"Western Gulf of Alaska",30050,"Rougheye rockfish",0.369754181530003,3318.54377923178,4268.00855299261
"1336",2025,"United States",7,"Western Gulf of Alaska",30576,"Shortraker rockfish",0.0987024599324928,885.854577894123,1334.82322486032
"1337",2026,"United States",1,"Aleutians",10120,"Pacific halibut",0.252053665234564,12628.3725872784,0
"1338",2026,"United States",1,"Aleutians",20510,"Sablefish",10.3739115989487,519771.737390764,1460762.67912106
"1339",2026,"United States",1,"Aleutians",21230,"Giant grenadier",4.91106670299087,246054.098790103,719615.662681832
"1340",2026,"United States",1,"Aleutians",21720,"Pacific cod",0.544386524568849,27275.5663470995,76082.6291253814
"1341",2026,"United States",1,"Aleutians",30020,"Shortspine thornyhead",0.802075952471571,40190.3480593058,47875.598829528
"1342",2026,"United States",1,"Aleutians",30050,"Rougheye rockfish",0.914419974802266,45818.4122878207,45895.0438855275
"1343",2026,"United States",1,"Aleutians",30576,"Shortraker rockfish",0.226853498335975,11366.176767259,13477.2968582141
"1344",2026,"United States",2,"Bering Sea",10120,"Pacific halibut",0.733089306798777,19631.87213899,0
"1345",2026,"United States",2,"Bering Sea",20510,"Sablefish",13.6476756564553,379166.565508757,958397.676376221
"1346",2026,"United States",2,"Bering Sea",21230,"Giant grenadier",2.76111937956634,65918.8453702344,226437.486311175
"1347",2026,"United States",2,"Bering Sea",21720,"Pacific cod",1.10671922873861,38481.3144197546,122165.327382438
"1348",2026,"United States",2,"Bering Sea",30020,"Shortspine thornyhead",0.454219446962701,10758.3924482109,16492.0409518517
"1349",2026,"United States",2,"Bering Sea",30050,"Rougheye rockfish",0.161424721534998,3033.67795048789,4291.47496559702
"1350",2026,"United States",2,"Bering Sea",30576,"Shortraker rockfish",0.529632509204375,14149.5395004554,29090.8541746904
